Institution Name,Institution Type,Website,Location,Phone
Techasoft Pvt. Ltd.,Corporates,https://www.techasoft.com/,Bangalore,099860 56909
VRAIO Software Solutions Pvt Ltd,Corporates,https://vraio.in/,Bangalore,N/A
Mobinius,Corporates,http://www.mobinius.com/,Bangalore,080508 92702
Tricon Infotech,Corporates,https://www.triconinfotech.com/,Bangalore,080 2550 3833
Calpion Software Technologies Private Limited,Corporates,http://www.calpion.com/,Bangalore,080 6976 5000
ERP Bangalore,Corporates,http://erpbangalore.com/,Bangalore,097399 66977
Cloud Software Solution - Website & Mobile App Development Company In Bangalore,Corporates,http://www.cloudsoftwaresolution.in/,Bangalore,099723 26812
DxMinds,Corporates,https://dxminds.com/,Bangalore,074835 46629
Nexential Technology Solutions Pvt. Ltd.,Corporates,https://nexential.co.uk/,Bangalore,095008 64111
Jireh Software Solutions - Best Software Development in Bangalore | Mobile App Development|Website App in Bangalore|React.JS,Corporates,https://jirehsol.com/,Bangalore,080 4120 0197
Tavant,Corporates,https://www.tavant.com/,Bangalore,080 4567 1800
Sage Software Solutions Pvt Ltd | ERP & CRM Provider in Bengaluru,Corporates,https://www.sagesoftware.co.in/,Bangalore,099626 66339
Excerpt Technologies Private Limited,Corporates,https://www.excerptech.com/,Bangalore,099005 02404
Cumulations Technologies,Corporates,https://www.cumulations.com/,Bangalore,098458 25982
Gowri Software Solutions Pvt. Ltd,Corporates,http://www.gowrisoftsolutions.com/,Bangalore,090368 98958
Brill Mindz Technologies,Corporates,https://www.brillmindz.com/,Bangalore,095384 48421
Effone Technologies Private Limited,Corporates,http://www.effone.com/,Bangalore,080 2332 3298
XYKA Software Pvt Ltd,Corporates,http://www.xyka.com/,Bangalore,080 4121 5775
Infosys Limited,Corporates,https://www.infosys.com/,Bangalore,080 2559 2088
SeeKNEO,Corporates,https://www.seekneo.com/,Bangalore,080507 17122
Igeeks Technologies Internship Company,Corporates,https://www.igeekstechnologies.com/,Bangalore,095905 44567
Mindroit Technologies Pvt Ltd,Corporates,http://www.mindroit.com/,Bangalore,078296 52092
WAKINSOFTWARES BHARAT PVT LTD,Corporates,http://www.walkinsoftwares.com/,Bangalore,073384 30816
ASM Technologies,Corporates,http://www.asmltd.com/,Bangalore,080669 62302
Trigent Software Pvt. Ltd. - IT Services Division,Corporates,https://trigent.com/?utm_source=GMB-IN&utm_medium=organic&utm_campaign=TrigentHome,Bangalore,080 2226 3000
Sunplus Software Technologies Pvt. Ltd,Corporates,https://sunplussoftware.com/,Bangalore,080 4300 3225
Nsp square,Corporates,http://www.testyantra.com/,Bangalore,080 4120 4235
Logsafe | Hr & Payroll Software Development Company,Corporates,https://www.logsafe.in/,Bangalore,N/A
ManyaTechnosys Private Limited,Corporates,https://manyatechnosys.com/,Bangalore,N/A
CAST Software India Private Limited,Corporates,https://www.castsoftware.com/,Bangalore,088844 99667
Algonomy Software Private Limited (previously Manthan-RichRelevance),Corporates,https://algonomy.com/,Bangalore,080 2299 0585
TechTree IT Systems Private Limited,Corporates,http://www.techtreeit.com/,Bangalore,080 2221 9722
Wolken Software Pvt Ltd - Basavanagudi,Corporates,http://www.wolkensoftware.com/,Bangalore,096069 50857
Globussoft Technologies,Corporates,https://globussoft.com/,Bangalore,0788 408 3007
Sakthi Infotech,Corporates,https://www.sakthiinfotech.com/mlm-software-development-company-website-design-binary-trinary-level-matrix-sunflower-investment-salary-Bangalore-Mysore-Mangalore-Karnataka-India.html,Bangalore,N/A
Aspect Technology Center India Private limited,Corporates,https://www.aspect.com/in,Bangalore,080 4340 6100
"Bangalore, Microgreen Technologies Pvt Ltd, Bangalore",Corporates,http://www.microgreentech.com/,Bangalore,078159 60452
WebSenor Pvt Ltd,Corporates,https://www.websenor.com/,Bangalore,088548 34560
Esi Software India Private Limited,Corporates,https://www.esi-group.com/company/worldwide/india,Bangalore,080 4181 8400
Noesys Software Pvt. Ltd.,Corporates,http://www.noesyssoftware.com/,Bangalore,080 3501 0646
ITC Infotech India Ltd.,Corporates,https://www.itcinfotech.com/,Bangalore,080 2298 8331
Numa Soft Technology Services Pvt. Ltd,Corporates,https://numasoft.in/,Bangalore,088615 62478
Nichi In Software Solutions Pvt Ltd,Corporates,https://www.nichi.com/,Bangalore,080 2672 0884
Greenbots Software India Private Limited,Corporates,http://www.greenbots.in/,Bangalore,082170 90734
Piculets Solutions- SAP partners Bangalore | SAP Business One partners | SAP Hana | Top SAP partner in Bengaluru,Corporates,https://piculets.com/,Bangalore,070197 98471
"Superior Codelabs - Best Software development company in Bangalore, India",Corporates,http://www.superiorcodelabs.com/,Bangalore,096112 01204
iOSys Software,Corporates,http://www.iosyssoftware.com/,Bangalore,080 4094 9544
CognitiveClouds Software Pvt. Ltd.,Corporates,https://www.cognitiveclouds.app/,Bangalore,N/A
Sirius Embedded Software Private Limited,Corporates,https://excelfore.com/,Bangalore,095133 00147
Tally on cloud bangalore,Corporates,http://mcrindia.in/,Bangalore,099647 40243
I S INFOTECH PVT LTD,Corporates,http://isinfotech.in/,Bangalore,099163 28110
FuGenX Technologies,Corporates,https://fugenx.com/,Bangalore,040 6791 8888
Bitla Software Pvt Ltd,Corporates,http://bitlasoft.com/,Bangalore,080 4064 0707
Campion Software Solutions Pvt Ltd,Corporates,https://www.campionsoftware.com/,Bangalore,N/A
Zyple Software Solutions Pvt Ltd - SAP Business One Partners,Corporates,https://www.zyplesoft.com/,Bangalore,072998 80500
Digital Corsel - Best Digital Marketing Company in Bangalore | SEO Agency,Corporates,https://digitalcorsel.com/,Bangalore,080199 97777
Illucus - Creative Markrting Agency | Bangalore,Corporates,https://www.illucus.com/,Bangalore,063647 28007
"Monaqo:Full-Funnel Digital Growth Marketing Agency in Bangalore, India for B2B, Apps & Ecommerce",Corporates,https://monaqo.in/,Bangalore,079965 85956
Sanjay Shenoy,Corporates,https://sanjayshenoy.com/,Bangalore,074117 41603
Inbounderz,Corporates,https://www.inbounderz.com/,Bangalore,081470 02753
Hirola InfoTech Solutions Pvt Ltd - Top Digital Marketing Company in Bangalore | Best SEO Agency in Bengaluru,Corporates,https://www.hirolainfotech.com/,Bangalore,099161 13646
Innovkraft Inc,Corporates,https://innovkraft.com/,Bangalore,083104 53193
RDS Digital,Corporates,https://rdsdigital.in/,Bangalore,063637 38608
CreatorFox | Best Digital Marketing Agency in Bangalore,Corporates,https://creatorfox.com/,Bangalore,077605 25535
Digital iMac - Best Digital Marketing Company in Bangalore | SEO Agency | Web Designing,Corporates,http://www.digitalimac.com/,Bangalore,099013 06103
Beta Digital Marketing Agency,Corporates,https://betadigitalmarketing.com/,Bangalore,095139 99901
Bright Ads Digital Marketing Agency Bangalore | SEO Agency | Website Development in Bangalore,Corporates,https://www.brightads.in/,Bangalore,088840 05400
AKOI MARKETING HUB PRIVATE LIMITED,Corporates,https://www.akoi.in/,Bangalore,N/A
"𝗗𝗶𝗴𝗶𝘁𝗮𝗹𝗶𝗻𝗱𝗶𝗮𝗮𝗱𝗱, 𝗗𝗶𝗴𝗶𝘁𝗮𝗹 𝗠𝗮𝗿𝗸𝗲𝘁𝗶𝗻𝗴 𝗔𝗴𝗲𝗻c𝘆 𝗶𝗻 𝗕𝗮𝗻𝗴𝗮𝗜𝗼𝗿𝗲",Corporates,https://www.digitalindiaadd.com/,Bangalore,063608 07351
Digimark Agency,Corporates,https://www.digimarkagency.com/?utm_source=GMB&utm_medium=Organic&utm_campaign=Main,Bangalore,088843 30607
CAESAR.AI - Sales-driven Influencer Marketing Agency,Corporates,http://caesarai.com/,Bangalore,080166 06661
Welix Digital - Digital Marketing Agency In Bangalore | Web Design Company In Bangalore,Corporates,https://www.welixdigital.com/,Bangalore,070901 70524
Mathew Digital - Digital Marketing Agency In Bangalore | SEO & Web Design Company,Corporates,http://www.mathewdigital.com/,Bangalore,090198 88640
DigiOn Solutions,Corporates,https://www.digion.in/,Bangalore,096206 52556
Yatharth Marketing - Corporate Sales Training Programs | Sales Training Company Bangalore,Corporates,https://www.yatharthmarketing.com/sales-training-in-bangalore.html,Bangalore,090997 99898
Regalix - A MarketStar Company,Corporates,https://www.marketstar.com/?utm_source=gmb&utm_medium=organic&utm_campaign=gmb-listing-blr,Bangalore,080 4944 5000
Marconix Sales and Marketing Pvt. Ltd.,Corporates,http://www.marconix.in/,Bangalore,093413 72105
Watermark Marketing Private Limited,Corporates,http://www.watermarkexperience.com/,Bangalore,099806 33727
B2B SALES ARROW,Corporates,http://b2bsalesarrow.com/,Bangalore,070205 58545
Zamstars Management Services (India) Private Limited,Corporates,https://www.zamstars.com/,Bangalore,097414 71391
Brand Elite,Corporates,http://brandelite.in/,Bangalore,086607 38354
Webenza,Corporates,https://www.webenza.com/,Bangalore,080 2521 0083
Thistle Media - #1 Digital Marketing Agency in Bangalore | 15+ Yrs Expertise in Digital Marketing & Branding Solutions,Corporates,https://thistle.media/,Bangalore,090032 44336
Mathew Digital - Digital Marketing Agency In Bangalore | SEO & Web Design Company,Corporates,https://mathewdigital.com/,Bangalore,090198 88640
Routetomarket Media India Pvt Ltd,Corporates,http://www.r2mi.in/,Bangalore,N/A
InnogenX,Corporates,http://innogenx.in/,Bangalore,099019 72889
HAAPS - Digital Marketing Agency in Bangalore,Corporates,https://haaps.in/,Bangalore,096201 75156
Brandstory Solutions Pvt.Ltd,Corporates,https://brandstory.in/,Bangalore,090085 04821
A K Jain Sales & Marketing Ltd,Corporates,http://akjainindia.com/,Bangalore,094143 38312
TargetG,Corporates,https://www.targetg.in/,Bangalore,096201 19222
Mathew Digital - Digital Marketing Agency In Bangalore | SEO & Web Design Company,Corporates,https://mathewdigital.com/,Bangalore,090198 88640
Percoyo Digital,Corporates,https://www.percoyo.com/,Bangalore,076767 22000
Beyondweb,Corporates,http://www.beyondweb.ind.in/,Bangalore,077607 85086
Sales Training | Soft Skills Training | Sales Training Companies | Corporate Sales Training Programs | Soft Skills Training,Corporates,https://www.dishahconsultants.com/sales-training-in-bangalore,Bangalore,098846 23854
QuickZee Media,Corporates,https://quickzee.in/,Bangalore,090668 05661
Digital Spider Digital marketing company in Bangalore | Web Designers in Bangalore,Corporates,https://digitalspider.in/,Bangalore,078922 99043
Zinavo Private Limited,Corporates,https://www.zinavo.com/,Bangalore,080 3569 4395
BDM,Corporates,https://bangaloredigitalmarketing.com/,Bangalore,080955 38194
Channel Softech Private Limited,Corporates,https://www.channelsoftech.com/,Bangalore,098456 62183
Nexovate Technologies Pvt Ltd,Corporates,http://www.nexovate.in/,Bangalore,070224 48811
BigCity Promotions,Corporates,https://www.bigcity.in/,Bangalore,080 4055 4800
Digiexpand,Corporates,https://www.digiexpand.com/,Bangalore,078292 97565
Skyaltum - Best Digital Marketing Agency | RT Nagar,Corporates,https://skyaltum.com/,Bangalore,084314 97165
Beta Digital Marketing,Corporates,https://betadigitalmarketing.com/,Bangalore,095139 99901
Digi Infiniti,Corporates,http://www.digiinfiniti.com/,Bangalore,098864 54545
Best Digital Marketer,Corporates,https://www.best-digital-marketer.com/,Bangalore,089042 92528
Sparkles Network,Corporates,http://www.sparklesnetwork.com/,Bangalore,096639 84711
Wikiprospects Private Limited,Corporates,http://wikiprospects.com/,Bangalore,080 4951 5147
SalesPro Consulting Pvt. Ltd (Revvlocity),Corporates,http://www.revvlocity.com/,Bangalore,N/A
MOBILISE 3302,Corporates,https://mobilise.agency/,Bangalore,073497 49404
Digital Elf SMART Solutions,Corporates,http://digitalelfglobal.com/,Bangalore,096326 84999
Future Revolution,Corporates,https://www.furecs.com/,Bangalore,077605 56363
WebzPlot,Corporates,https://webzplot.com/,Bangalore,099723 18316
AMC Engineering College,Schools,https://amcec.edu.in/,Bangalore,099020 44114
Dayananda Sagar College of Engineering,Schools,http://www.dsce.edu.in/,Bangalore,080 4216 1751
Dr. Ambedkar Institute Of Technology,Schools,https://drait.edu.in/,Bangalore,N/A
JSS Academy Of Technical Education,Schools,http://www.jssateb.ac.in/,Bangalore,080 2861 2565
Atria Institute of Technology,Schools,http://www.atria.edu/,Bangalore,080 2363 1298
MVJ College of Engineering,Schools,https://www.mvjce.edu.in/,Bangalore,080 4299 1003
"JAIN (Deemed-to-be-University), Faculty of Engineering and Technology (FET)",Schools,https://set.jainuniversity.ac.in/,Bangalore,080 6927 9444
ACS College of Engineering,Schools,http://www.acsce.edu.in/,Bangalore,080 2974 8222
Bahubali College of Engineering Shravanabelagola,Schools,http://www.bce.org.in/,Bangalore,092435 05666
Gopalan College of Engineering and Management,Schools,https://www.gopalancolleges.com/gcem/,Bangalore,080 4222 9748
R.R. Institute of Technology,Schools,http://www.rrit.ac.in/,Bangalore,088800 01111
Brindavan Group of Institutions,Schools,http://www.brindavancollege.com/,Bangalore,096064 87201
A P S College Of Engineering,Schools,http://www.apsce.ac.in/,Bangalore,080 2843 2108
"Sapthagiri College of Engineering, Bengaluru.",Schools,http://www.sapthagiri.edu.in/,Bangalore,N/A
Alliance College of Engineering and Design,Schools,https://www.alliance.edu.in/school/school-of-engineering-and-design,Bangalore,080 4619 9000
Vemana Institute of Technology,Schools,https://vemanait.edu.in/,Bangalore,095354 44571
"Amrita Vishwa Vidyapeetam, Bengaluru",Schools,https://www.amrita.edu/campus/bengaluru,Bangalore,080 2518 3700
M. S. Engineering College,Schools,http://www.msec.ac.in/,Bangalore,093433 99909
FUTURE CAREER GUIDANCE (Bangalore Top College Admission),Schools,https://www.fcg.org.in/,Bangalore,093427 06070
KNS INSTITUTE OF TECHNOLOGY,Schools,http://www.knsit.com/,Bangalore,099000 33935
Aditya College Of Engineering And Technology,Schools,http://www.acetedu.net/,Bangalore,070900 01946
Nitte Mahalinga Adyantaya Memorial Institute of Technology,Schools,https://nitte.edu.in/nmamit/,Bangalore,082582 81263
Indian Institute Of Management–Bangalore (IIM–Bangalore),Schools,https://www.iimb.ac.in/,Bangalore,080 2699 3000
Jagdish Sheth School of Management (JAGSoM),Schools,https://jagsom.edu.in/?utm_source=Google&utm_medium=organic&utm_campaign=gmb,Bangalore,081479 73132
Symbiosis Institute of Business Management Bengaluru,Schools,http://sibmbengaluru.edu.in/,Bangalore,080671 39573
"Xavier Institute of Management & Entrepreneurship, Bangalore",Schools,http://www.xime.org/,Bangalore,080 2852 8477
St Joseph's Institute of Management,Schools,http://www.sjim.edu.in/?utm_source=GMBListing&utm_medium=organic,Bangalore,080 2559 7781
International School of Management Excellence,Schools,http://www.isme.in/,Bangalore,088806 12345
Acharya Institute of Technology,Schools,https://www.acharya.ac.in/,Bangalore,074066 44449
International School of Business & Media (ISBM),Schools,http://www.isbm.ac.in/,Delhi,077570 29571
Regional College of Management,Schools,https://rcm.ac.in/,Delhi,090900 80801
St.Hopkins In Bangalore,Schools,https://www.hopkinscollege.com/,Bangalore,095910 69611
T. A. Pai Management Institute (TAPMI),Schools,https://www.tapmi.edu.in/,Bangalore,0820 270 1000
XLRI - Xavier School of Management,Schools,http://www.xlri.ac.in/,Delhi,0657 665 3333
NexGen Innovators - Software Company,Corporates,https://www.nexgi.com/,Delhi,N/A
SLN Softwares - Software Development Company,Corporates,https://www.slnsoftwares.com/,Delhi,093158 98126
MLM Software Company in Delhi- Best MLM Software Developer,Corporates,https://www.n2nsystems.co.in/,Delhi,095825 69545
"Digital Marketing Agency, Software Development Company, SEO Services Company in Delhi",Corporates,https://www.micromind.in/,Delhi,098183 53030
Bloatware IT Software Company | Software Development Company | Software company in delhi,Corporates,https://bloatwareitsolutions.com/,Delhi,089207 50797
W2G Solutions - Software Company in Delhi,Corporates,https://w2gsolutions.in/,Delhi,011 4556 2561
Go Business india | Mobile App Development | Web Development | Digital Marketing Company | IT Company Delhi,Corporates,http://www.gobusinessindia.com/,Delhi,1800 258 7735
WTS Net India Pvt Ltd -- Best B2B Recharge Software Company,Corporates,https://www.wtsnetindia.com/,Delhi,085100 64006
MLM Software Developer in Delhi | MLM Software Company,Corporates,https://mlmsoftwarecompany.in/,Delhi,070373 95111
Binarysoft,Corporates,http://www.binarysoft.com/,Delhi,099997 06000
"Softkingo - Top Mobile App & Web Development Company in India, Delhi, NCR",Corporates,https://www.softkingo.com/,Delhi,074287 50870
Perfectiongeeks Technologies,Corporates,https://www.perfectiongeeks.com/,Delhi,089209 47884
"BestWebs - Website, App & Software Development Company in Delhi",Corporates,https://www.bestwebs.in/,Delhi,N/A
"Corewave | Top Web & Mobile App Development Company in Delhi, India",Corporates,https://www.corewave.io/,Delhi,098106 76072
Bloatware IT Solutions | Software Development Company | Mobile Apps Development | CRM Software | ERP Software & Website,Corporates,https://bloatware.in/,Delhi,089207 50797
Monetta Software Solutions Pvt. Ltd. (Certified Tally Partner),Corporates,http://www.monettaindia.com/,Delhi,098111 45789
Codeyiizen Software & Services Pvt Ltd.,Corporates,https://www.codeyiizen.com/,Delhi,092669 13291
"4TechBugs Technologies Pvt. Ltd - Software Development Company, Web Designing services in Delhi Ncr",Corporates,http://www.4techbugs.com/,Delhi,099997 98701
"Software Development | Website Designing | Mobile App development in Delhi, India - Mindscan Software Solutions Pvt. Ltd.",Corporates,http://www.mindscansoftware.com/,Delhi,098101 13797
MLM Software Company in Delhi | MLM Software Development Company in Delhi | India - SOFTKWIT,Corporates,https://softkwit.in/mlm-software.php,Delhi,088829 25582
"RSS INFOTECH PVT.LTD(India Top App Development Company Android, IOS, Website, Game development) )",Corporates,https://www.rssindia.com/,Delhi,099531 34732
FusionSoft Technologies,Corporates,https://fusionsofttechnologies.com/,Delhi,098703 73230
Mind IT Systems,Corporates,https://minditsystems.com/,Delhi,092058 56556
Almondz Software Development Company in Delhi,Corporates,https://www.almondz.com/software-development.php,Delhi,088824 72824
EMV Softwares Pvt. Ltd.,Corporates,https://www.emvsoftwares.com/,Delhi,092123 45320
Nanoarch -ERP and CRM Software Company in India,Corporates,http://nanoarchsoftware.com/,Delhi,070489 22909
"Easy Solutions 360 - Website, App & Software Development Company in Delhi, India",Corporates,https://easysolutions360.com/,Delhi,083688 79567
"Zeenik – Website, App & Shopify Development Company",Corporates,https://www.zeenik.com/,Delhi,095406 65505
Tata Software Solutions,Corporates,http://tatasoftwaresolutions.com/,Delhi,095405 34446
Compact Softwares & Services,Corporates,https://compactsoftwares.com/,Delhi,N/A
"Anush Technology - Website Development, Digital marketing, Software Company",Corporates,https://www.anushtech.com/,Delhi,085868 74338
Axis Software Solutions,Corporates,http://axissoftwaresolutions.com/,Delhi,078386 26861
Megast India Solutions Pvt. Ltd,Corporates,http://www.knowyourtally.com/,Delhi,098704 34111
PS TECH GLOBAL - Website Design & Digital Marketing Company in Pitampura,Corporates,https://www.pstechglobal.com/,Delhi,070179 40576
Nethues Technologies (P) Ltd.,Corporates,https://www.nethues.com/,Delhi,011 4756 7701
Flamingo Infotech - Best Website Designing Company In Delhi | Best Digital Marketing Company In Delhi,Corporates,https://www.flamingoinfotech.com/,Delhi,099998 66662
Invansys Technologies,Corporates,https://invansys.in/,Delhi,011 4750 3998
BridgeTechnoSoft - Best PHP Classes | Web Design & Development Course in Delhi,Corporates,https://www.bridgetechnosoft.com/,Delhi,097117 71854
"SchoolEye - School Management Software, ERP, Gurgaon, Delhi NCR",Corporates,https://www.schooleye.in/,Delhi,083739 18351
"OpenSource Technologies Delhi- Mobile App, Custom Software & AI Solutions",Corporates,https://ost.agency/,Delhi,(330) 775-2493
DxMinds,Corporates,https://dxminds.com/,Delhi,074835 46629
Code Web Creation | Software Company In Delhi | Digital Marketing Agency In Delhi,Corporates,https://codewebcreation.com/,Delhi,097115 95348
Bitbyte Creations,Corporates,https://bitbytecreations.com/,Delhi,070423 45756
Lodhitech,Corporates,http://www.lodhitech.com/,Delhi,072758 83149
MLM SOFTWARE DEVELOPMENT COMPANY IN DELHI | MLM ZONE,Corporates,https://mlmzone.live/,Delhi,N/A
Handleey Software (India) Private Limited,Corporates,https://handleey.com/,Delhi,N/A
"SDS-Professional IoT dashboards, mobile applications, websites, and comprehensive IT solutions in Delhi-NCR",Corporates,http://www.sanicondigital.com/,Delhi,097170 98200
Triple-S Software (Horosoft),Corporates,https://horosoft.net/,Delhi,011 4707 8182
Effective Software Solutions,Corporates,http://effectivesoftware.in/,Delhi,097117 97799
"Reptile IT Service - Top Web & Mobile App Development Company in Delhi, India | iOS & Android Apps Development Services",Corporates,https://reptileitservice.com/,Delhi,093115 72747
Gcon Technologies,Corporates,https://gconts.com/,Delhi,097110 01193
Radiance Solution,Corporates,https://radiancesolution.com/,Delhi,095825 15141
ARCS Technologies Pvt Ltd,Corporates,http://www.arcscorp.com/,Delhi,011 2794 4140
MLM SOFTWARE DELHI - SURYA MARKETING,Corporates,http://www.mlmzone.live/,Delhi,092108 10431
Vision Solution - Insurance Software for Agents & Brokers | Mutual Fund Software for Distributers| Web Development Services,Corporates,https://visionsolution.in/,Delhi,099102 01429
Carecone Technologies Pvt Ltd | Reptile It Service | Reptile Tracko,Corporates,https://reptileitservice.com/,Delhi,093115 72747
Nextbigbox - Best Digital Marketing & IT Agency in Delhi | SEO Services,Corporates,https://www.nextbigbox.in/,Delhi,096979 59896
Webquick India OPC Pvt Ltd - Digital Marketing Agency in Delhi | Seo Services Delhi | Ecommerce Web Designing | PPC Near Me,Corporates,https://webquickindia.com/,Delhi,092056 58119
"Mahira Digital SEO Agency in Delhi, India",Corporates,https://www.mahiradigital.com/,Delhi,099539 62966
HighOnRank Ecommerce Marketplace Seller Services,Corporates,https://highonrank.com/,Delhi,096540 78140
Lotus social world Best Digital Marketing services in india,Corporates,https://lotussocialworld.com/,Delhi,070275 89820
Touchstone Infotech,Corporates,https://touchstoneinfotech.com/?utm_source=GBPDelhi&utm_medium=GBP&utm_campaign=listing,Delhi,085879 99666
Webgross,Corporates,http://www.thewebgross.com/,Delhi,078272 91387
Digitalfy,Corporates,https://digitalfy.in/,Delhi,084485 33219
Adlaxy,Corporates,https://www.adlaxy.in/,Delhi,099999 36253
Grow Marketing Solution- digital marketing company in delhi/ seo service/ ppc/ website designing/ ecommerce designing near me,Corporates,https://growdigitalsolution.com/,Delhi,085959 11033
Digilinkers - Best Digital Marketing Agency in Delhi | Website Development,Corporates,https://digilinkers.com/,Delhi,098180 00334
National Marketing Projects,Corporates,https://www.nationalmarketingprojects.com/,Delhi,099099 20992
"digidzn - digital marketing agency | best digital marketing company in delhi | seo, ppc, smm",Corporates,https://digidzn.com/,Delhi,092897 45760
FCR GROUP,Corporates,http://www.fcrgroup.org.uk/,Delhi,099717 66673
𝗢𝗻𝗹𝗶𝗻𝗲 𝗝𝗮𝗼 : 𝗗𝗶𝗴𝗶𝘁𝗮𝗹 𝗠𝗮𝗿𝗸𝗲𝘁𝗶𝗻𝗴 𝗔𝗴𝗲𝗻𝗰𝘆 - 𝗣𝗮𝗹𝗮𝗺 𝗕𝗿𝗮𝗻𝗰𝗵,Corporates,https://onlinejao.in/,Delhi,098181 84828
Digital Marketing Clue,Corporates,http://www.digitalmarketingclue.com/,Delhi,078358 00828
"Dynamisers Solutions - Digital Marketing Agency in Delhi, India | Website Development | SEO Services",Corporates,https://www.dynamisers.com/,Delhi,098992 69989
Socioheads - Digital Marketing Agency In Delhi & Social Media Company in Dwarka,Corporates,https://socioheads.com/,Delhi,085958 40297
Skillsify-Best Digital Marketing Agency & E-commerce Website Design and Development company in Delhi,Corporates,https://skillsify.in/,Delhi,077039 05638
MySolution360 | Digital Marketing Agency in Delhi,Corporates,https://mysolution360.com/,Delhi,081309 28045
Red Dash Media - Creative Social Media & Digital Marketing Agency,Corporates,https://www.reddashmedia.com/,Delhi,098107 46506
"360 Digital Idea - India's No.1 Performance Driven Marketing Company | India, UAE, USA, Singapore, Canada, UK",Corporates,https://360digitalidea.com/,Delhi,083686 17065
"NexGen Marketing Agency - Digital Marketing Agency - PPC, SEO, Social Media, Web Dev",Corporates,https://nexgenmarketing.in/?utm_source=gmb&utm_medium=cpc&utm_term=digital_marketing_serives&utm_campaign=services,Delhi,076786 44182
Digital Marketing King - Best Digital Marketing Agency in Delhi,Corporates,https://digitalmarketingking.in/,Delhi,096255 05071
Marketing Agency Indiaa,Corporates,https://marketingagencyindiaa.com/,Delhi,076785 41983
Brandhype.in - Social Media & Digital Marketing Agency in Delhi,Corporates,https://brandhype.in/,Delhi,098734 05308
Marketixpro,Corporates,https://marketixpro.com/,Delhi,088105 32305
Excel Range Media,Corporates,https://www.excelrange.com/,Delhi,098703 76982
Digital Marketing Agency in Delhi |,Corporates,https://onlinemarketingagency.in/,Delhi,088605 53836
Delhi Digital Co.,Corporates,https://delhidigital.co/,Delhi,092051 10208
K2 Digital Marketing Agency,Corporates,https://k2digitalmarketing.com/,Delhi,088005 10419
Digital Ally - Best Digital Marketing Agency in Delhi,Corporates,https://www.thedigitalally.in/,Delhi,098111 59952
Digital Marketing King - Best Web Designing & Digital Marketing Agency in Delhi,Corporates,https://digitalmarketingking.in/,Delhi,099100 75663
Digital Marketing Players,Corporates,http://www.digitalmarketingplayers.com/,Delhi,082871 29388
Insightsbot Marketing | Best Digital Marketing Agency in Delhi,Corporates,https://www.insightsbot.net/,Delhi,089209 58955
"Adsfellow , website & digital marketing agency in delhi",Corporates,http://adsfellow.com/,Delhi,099107 68651
Treasure Creatives | Best digital marketing agency in delhi | Best seo Agency in Delhi,Corporates,https://treasurecreatives.com/,Delhi,087007 16715
Valv Media - Best Digital Marketing Company In Delhi | Social Media Marketing |,Corporates,https://valvmedia.com/,Delhi,085956 24197
Webiance - Digital Marketing Services Agency,Corporates,https://www.webiance360.com/,Delhi,082851 53687
Sales Training | Soft Skills Training | Corporate Sales Training Programs | Best Sales Training Companies Delhi NCR,Corporates,https://www.dishahconsultants.com/sales-training-in-delhi,Delhi,098846 23854
Singh Media Group | Digital Marketing Agency | Website Design & Development,Corporates,https://singhmediagroup.com/,Delhi,089209 89093
Red Realm Marketing,Corporates,http://www.redrealm.co.in/,Delhi,088002 29728
Marketing Masala | Growth Marketing Agency,Corporates,https://www.marketingmasala.com/,Delhi,N/A
MediaX | Creative Growth Agency,Corporates,http://mediax.co.in/,Delhi,097602 73375
Sovereign India Delhi - Amazon PPC | Amazon ads Agency,Corporates,https://www.thesovereignindia.com/,Delhi,093107 44694
JSM Digital Marketing,Corporates,https://jsmdigitalmarketing.com/,Delhi,095993 39559
Promote Abhi,Corporates,https://www.promoteabhi.com/,Delhi,098994 84839
DigiGrowTech - Digital Marketing Agency in Delhi | SEO Agency in Delhi | Social Media Expert in Delhi | ORM Agency in Delhi,Corporates,https://digigrowtech.in/,Delhi,070426 52270
"AMSDigital - Digital marketing company Delhi | #1 digital marketing company in India | SEO, PPC, SMM, website design company",Corporates,https://www.amsdigital.in/,Delhi,096675 40071
Marketing Shadow Digital Marketing & Social Media Marketing Agency,Corporates,http://www.marketingshadow.com/,Delhi,084475 10572
Inklik - Digital Marketing Agency,Corporates,https://inklik.com/,Delhi,099118 40808
Battersea Web Expert | Digital Marketing Company In Delhi | Best Seo Agency in Delhi And Dwarka,Corporates,https://www.batterseawebexpert.com/digital-marketing-agency-in-delhi/,Delhi,097170 22804
Conversions- Performance Marketing Agency In Delhi | Digital Marketing Agency In Delhi,Corporates,https://conversions.co.in/,Delhi,078275 54420
"Creation Infoways - Digital Marketing Company in Delhi, India | SEO, SMM, PPC Agency",Corporates,https://creationinfoways.com/,Delhi,099100 02006
HDM | Lead Generation Company by Google Ads & Facebook Ads in Delhi,Corporates,https://www.hostdigitalmarketing.com/,Delhi,088029 91128
Digital Marketing Agency in Dwarka Mor - DMAO,Corporates,http://digitalmarketingagency.online/,Delhi,093118 48850
High Horse - Marketing Agency for Ecommerce Brands,Corporates,https://www.highhorse.in/,Delhi,082871 94831
Lets Digital Marketing - Best SEO Company in Delhi NCR,Corporates,https://www.letsdigitalmarketing.com/,Delhi,085100 04776
WeBeeSocial India | Creative Agency New Delhi | Digital Marketing Services in India,Corporates,http://webeesocial.com/,Delhi,N/A
Delhi Technological University,Schools,http://dtu.ac.in/,Delhi,011 2787 1018
Bharati Vidyapeeth's College of Engineering,Schools,http://www.bvcoend.ac.in/,Delhi,011 2527 8444
Netaji Subhas University of Technology,Schools,http://nsut.ac.in/,Delhi,011 2500 0268
Dr. Akhilesh Das Gupta Institute of Professional Studies,Schools,https://adgips.ac.in/,Delhi,011 4990 5900
National Institute of Technology Delhi,Schools,http://www.nitdelhi.ac.in/,Delhi,011 3386 1005
Maharaja Agrasen Institute Of Technology(MAIT),Schools,https://www.mait.ac.in/,Delhi,084481 86942
Netaji Subhas University of Technology (West Campus),Schools,http://nsut.ac.in/,Delhi,011 2500 0268
Indian Institute Of Technology Delhi (IIT Delhi),Schools,https://home.iitd.ac.in/,Delhi,011 2659 7135
Maharaja Surajmal Institute Of Technology,Schools,http://www.msit.in/,Delhi,011 4503 7193
Guru Tegh Bahadur Institute of Technology,Schools,http://gtbit.ac.in/,Delhi,011 4559 9900
Dronacharya College of Engineering,Schools,https://ggnindia.dronacharya.info/,Delhi,099103 80109
IITM Janakpuri Delhi | Institute of Innovation in Technology & Management (IITM),Schools,http://www.iitmjp.ac.in/,Delhi,011 2852 0894
"Netaji Subhas University of Technology, East Campus",Schools,http://www.aiactr.ac.in/,Delhi,011 2121 0161
Indraprastha Institute of Information Technology Delhi,Schools,http://www.iiitd.ac.in/,Delhi,011 2690 7400
Aryabhatt Institute Of Technology,Schools,https://dseu.ac.in/ashok-vihar/,Delhi,011 2742 6263
"Faculty of Engineering and Technology, Jamia Millia Islamia New Delhi",Schools,http://www.jmi.ac.in/,Delhi,011 2698 5831
Indraprastha Institute Of Technology And Management(IITM Delhi),Schools,http://iitm.net.in/,Delhi,011 2852 0890
Guru Tegh Bahadur 4th Centenary Engineering College,Schools,http://gtb4cec.org/,Delhi,099110 00782
Ajay Kumar Garg Engineering College,Schools,https://www.akgec.ac.in/,Delhi,087440 52891
Bhagwan Parshuram Institute of Technology,Schools,http://www.bpitindia.ac.in/,Delhi,011 2757 2900
HMR Institute of Technology and Management,Schools,https://hmritm.ac.in/,Delhi,081306 43678
Chhotu Ram Rural Institute Of Technology,Schools,http://crritonline.com/,Delhi,011 2595 3892
Pit,Schools,https://dseu.ac.in/pusa/index.html,Delhi,011 2584 7822
ITS Engineering College,Schools,https://www.itsengg.edu.in/,Delhi,1800 180 0840
DPG Institute of Technology & Management,Schools,https://www.dpgitm.ac.in/,Delhi,092117 26982
School of Engineering,Schools,http://soe.jnu.ac.in/,Delhi,011 2673 8734
KSIMT - Khatu Shyam Institute of Management and Technology,Schools,https://www.ksimt.ac.in/,Delhi,N/A
KCC Institute of Technology & Management,Schools,http://kccitm.edu.in/,Delhi,092100 65555
DSEU Wazirpur-I Campus & DSEU Okhla-II Campus,Schools,http://dseu.ac.in/,Delhi,011 2700 6129
Fairfield Institute of Management and Technology | FIMT COLLEGE,Schools,https://www.fimt-ggsipu.org/,Delhi,093123 52942
Indian Institute of Aircraft Engineering (IIAE Delhi),Schools,http://www.iiae.in/,Delhi,098702 90575
Swami Vivekanand Institute of Engineering & Technology,Schools,https://swamivivekanandengg.in/,Delhi,099117 60382
AMBEDKAR DSEU Shakarpur Campus 1,Schools,https://dseu.ac.in/shakarpur-i/,Delhi,011 2202 3594
Deen Dayal Upadhyaya College,Schools,http://dducollegedu.ac.in/,Delhi,N/A
Delhi College of Fire Safety Engineering,Schools,http://www.dcfse.com/,Delhi,011 2834 4240
JRN Institute of Aviation Technology,Schools,https://www.iiagroup.co.in/?utm_source=GMB&utm_medium=local,Delhi,099715 69455
Delhi Institute of Fire Engineering,Schools,http://www.dife.in/,Delhi,011 3544 8819
Dronacharya Group of Institutions,Schools,https://gnindia.dronacharya.info/,Delhi,0120 232 2022
Guru Gobind Singh Indraprastha University,Schools,http://ipu.ac.in/,Delhi,011 2530 2170
"Noida Institute of Engineering and Technology (NIET, Greater Noida)",Schools,https://www.niet.co.in/?utm_source=GMB&utm_medium=organic,Delhi,080105 00700
GNIOT Group of Institutions,Schools,https://www.gniotgroup.edu.in/,Delhi,1800 274 6969
"University Institute of Engineering & Technology (UIET MDU) M. D. University, Rohtak",Schools,https://mdu.ac.in/,Delhi,01262 393 291
DELHI INSTITUTE OF MANAGEMENT AND ENGINEERING STUDIES,Schools,http://dimin.in/,Delhi,N/A
Baba Saheb Ambedkar Technical Educational Society,Schools,http://www.bsates.com/,Delhi,098105 09249
The NorthCap University,Schools,https://www.ncuindia.edu/,Delhi,0124 236 5811
DSEU RAJOKARI CAMPUS,Schools,https://dseu.ac.in/index.html,Delhi,011 2412 4837
Atma Ram Sanatan Dharma College,Schools,http://arsdcollege.ac.in/,Delhi,011 2411 3436
The Institution of Civil Engineers (India),Schools,http://www.ice.net.in/,Delhi,011 2362 9301
National Power Training Institute,Schools,https://npti.gov.in/,Delhi,011 2694 0722
Vardey Devi Institute Of Engineering And Technology,Schools,http://vdiet.org.in/,Delhi,098184 31322
Mahatma Gandhi Vidyapeeth Institute of Management & Technology,Schools,http://www.mgvimt.com/,Delhi,N/A
International Management Institute,Schools,http://www.imi.edu/,Delhi,011 4719 4100
Faculty of Management Studies - Main Campus,Schools,http://www.fms.edu/,Delhi,095011 13335
FORE School of Management,Schools,https://www.fsm.ac.in/,Delhi,011 4124 2424
"Department of Management Studies, Indian Institute of Technology Delhi",Schools,http://dms.iitd.ac.in/,Delhi,011 2659 7034
"Institute of Management Technology, Ghaziabad",Schools,http://www.imt.edu/,Delhi,0120 408 3200
Management Development Institute (MDI),Schools,http://www.mdi.ac.in/,Delhi,0124 456 0000
BIMTECH - Birla Institute of Management Technology,Schools,https://www.bimtech.ac.in/,Delhi,093550 24501
NDIM - New Delhi Institute of Management,Schools,https://www.ndimdelhi.org/,Delhi,011 4011 1000
Indian Institute Of Management–Rohtak (IIM–Rohtak),Schools,http://www.iimrohtak.ac.in/,Delhi,01262 228 555
Delhi School of Management,Schools,http://www.dtu.ac.in/Web/Departments/DSM/about/,Delhi,011 2729 6203
SOIL Institute of Management,Schools,https://www.soil.edu.in/,Delhi,092053 33417
EMPI Business School,Schools,https://empi.ac.in/,Delhi,088000 10971
"IILM Lodhi Road, New Delhi",Schools,https://iilmlr.ac.in/,Delhi,N/A
