Website,Institution Type,Location,Phone,Course,Score,Reasoning
https://www.techasoft.com/,Corporates,Bangalore,099860 56909,Programming,98,"Techasoft is a software development and mobile app development company with an extensive list of programming technologies, software products, and developer-focused job openings, indicating a strong tech core."
https://vraio.in/,Corporates,Bangalore,,Programming,95,"Vraio Software Solutions is a company primarily focused on custom software development, mobile and web application development, and IT infrastructure services, demonstrating a strong technical core."
https://www.triconinfotech.com/,Corporates,Bangalore,080 2550 3833,Programming,98,"Tricon Infotech is a custom software product development company with a strong focus on technology services, including product and platform engineering, data analytics, and AI-powered solutions, employing a large team of engineers."
http://www.calpion.com/,Corporates,Bangalore,080 6976 5000,Programming,98,"Calpion Software Technologies is a technology consulting company specializing in AI, machine learning, deep learning, and robotic process automation, indicating a profound technical core."
http://erpbangalore.com/,Corporates,Bangalore,097399 66977,Programming,95,"ERP Bangalore is a software development company with a strong tech focus, employing over 750 IT professionals to build, customize, and implement ERP and CRM solutions, including mobile and web applications, AI/ML, and IoT integrations."
http://www.cloudsoftwaresolution.in/,Corporates,Bangalore,099723 26812,Programming,98,"Cloud Software Solution is an IT services company specializing in web and mobile app development, UI/UX design, and digital marketing, demonstrating a strong technical focus."
https://jirehsol.com/,Corporates,Bangalore,080 4120 0197,Programming,98,"Jireh is a software development company specializing in mobile, web, AI, cloud, and blockchain solutions, making programming skills fundamental to its core business."
https://www.sagesoftware.co.in/,Corporates,Bangalore,099626 66339,Sales,95,"Sage Software Solutions is a B2B company focused on distributing and implementing ERP and CRM software, with extensive content highlighting sales management, lead management, and customer relationship building as core to their offerings and business model."
https://www.excerptech.com/,Corporates,Bangalore,099005 02404,Programming,95,"The company's core services, including Ecommerce Solution Providers, Website Design and Development, Cyber Security, and Data Analytics, demonstrate a strong technical focus requiring programming and IT skills."
http://www.gowrisoftsolutions.com/,Corporates,Bangalore,090368 98958,Programming,98,"Gowri Software Solutions is an information technology and QA consulting company specializing in software testing and automation, demonstrating a clear and strong technical focus."
https://www.brillmindz.com/,Corporates,Bangalore,095384 48421,Programming,0,"Without any retrieved website content, it is impossible to assess the institution's focus and confidently recommend either a Programming or Sales course."
http://www.effone.com/,Corporates,Bangalore,080 2332 3298,Programming,98,"EffOne is a global IT consulting company with a strong tech focus, offering services like software development, DevOps, and automation, and actively hiring for various programming and technical roles."
https://www.infosys.com/,Corporates,Bangalore,080 2559 2088,Programming,98,"Infosys is a global IT services and consulting company with an overwhelming focus on technology, software development, digital transformation, AI, cloud, and engineering services, as evidenced by its extensive list of tech-centric alliances, platforms, and service offerings."
https://www.seekneo.com/,Corporates,Bangalore,080507 17122,Programming,95,"SeekNEO is a web development and IT solutions company that explicitly offers its own software development courses, demonstrating a strong internal need for programming skills."
https://www.igeekstechnologies.com/,Corporates,Bangalore,095905 44567,Programming,98,"iGeeks Technologies exhibits an overwhelming focus on technology, software development, data science, and engineering disciplines across its course offerings, internship programs, and corporate training services."
http://www.mindroit.com/,Corporates,Bangalore,078296 52092,Programming,98,"Mindroit Technologies is a software development company specializing in website, mobile app, and custom software solutions, actively hiring for various programming roles."
http://www.walkinsoftwares.com/,Corporates,Bangalore,073384 30816,Programming,95,"WAKINSOFTWARES is a software development company explicitly stating they are a 'team of talented engineers' focused on creating digital products and services, indicating a strong tech core."
http://www.asmltd.com/,Corporates,Bangalore,080669 62302,Programming,98,"ASM Technologies Ltd is a technology and engineering services company with a strong focus on product R&D, digital engineering, and automation across highly technical industries, as evidenced by their services and numerous engineering and programming job openings."
http://www.testyantra.com/,Corporates,Bangalore,080 4120 4235,Programming,98,"Test Yantra is a software testing and training organization with a strong emphasis on QA, automation, Java development, and various digital technologies, indicating a core technical and programming focus."
https://www.logsafe.in/,Corporates,Bangalore,,Programming,95,"Logsafe is explicitly an HR & Payroll Software Development Company, with its core business revolving around building and maintaining a sophisticated software application for face recognition attendance and HRMS, supported by a team including Senior Developers and QA."
https://manyatechnosys.com/,Corporates,Bangalore,,Sales,95,"The company operates an extensive e-commerce platform with a vast array of products and an online gaming site, both of which are inherently sales-driven industries focused on customer acquisition, product promotion, and transaction management."
https://www.castsoftware.com/,Corporates,Bangalore,088844 99667,Programming,98,"CAST is a software intelligence company whose products and services are entirely focused on analyzing, understanding, and improving custom-built software applications, making a Programming course highly relevant for their technical workforce."
https://algonomy.com/,Corporates,Bangalore,080 2299 0585,Programming,95,"Algonomy's core identity, product offerings, and employee testimonials consistently emphasize its foundational expertise in algorithms, AI, and software development, making a strong tech focus evident."
http://www.wolkensoftware.com/,Corporates,Bangalore,096069 50857,Programming,98,"Wolken Software is a B2B SaaS company that develops AI-driven, low-code platforms for enterprise service management, demonstrating a strong technical core and a need for programming skills in product development, integration, and customization."
https://globussoft.com/,Corporates,Bangalore,0788 408 3007,Programming,98,"Globussoft is a software engineering company with an explicit AI-driven approach, focusing on developing intelligent products and technical solutions across various platforms, making programming skills central to their operations."
https://www.sakthiinfotech.com/mlm-software-development-company-website-design-binary-trinary-level-matrix-sunflower-investment-salary-Bangalore-Mysore-Mangalore-Karnataka-India.html,Corporates,Bangalore,,Programming,98,Sakthi Infotech is a software development and web design company that offers extensive IT services and explicitly provides corporate training in various programming languages and development technologies.
https://www.aspect.com/in,Corporates,Bangalore,080 4340 6100,Programming,95,"Aspect is a software company that develops complex enterprise workforce management platforms, featuring a dedicated developer portal with APIs, AI-powered forecasting, and a roadmap focused on technical innovations, indicating a strong foundational tech focus."
http://www.microgreentech.com/,Corporates,Bangalore,078159 60452,Programming,95,"Microgreen Technologies is explicitly a technology consulting and staffing company, with core services like Application Development, Managed IT Solutions, and Technology Consulting, demonstrating a strong tech focus."
https://www.websenor.com/,Corporates,Bangalore,088548 34560,Programming,98,"WebSenor is a high-end IT company specializing in web, mobile, and software development, with extensive listings of programming languages and technologies, indicating a strong tech focus."
https://www.esi-group.com/company/worldwide/india,Corporates,Bangalore,080 4181 8400,Programming,98,"ESI Group's core business is developing and providing advanced engineering simulation software and virtual prototyping solutions for high-performance industries, indicating a strong technical and programming foundation."
http://www.noesyssoftware.com/,Corporates,Bangalore,080 3501 0646,Programming,98,"Noesys Software Pvt. Ltd. is a technology company specializing in digital transformation, data analytics, automation, and software product development, demonstrating a strong technical core."
https://www.itcinfotech.com/,Corporates,Bangalore,080 2298 8331,Programming,98,"ITC Infotech is a global technology services and solutions provider, with its core business centered on IT, digital transformation, cloud, AI/ML, and engineering services, demonstrating a profound tech focus."
https://numasoft.in/,Corporates,Bangalore,088615 62478,Programming,98,"Numa Soft Technology Services is a website and mobile app development company with a strong focus on technical services, programming languages, frameworks, and development methodologies, as evidenced by their services, project portfolio, and team certifications."
https://www.nichi.com/,Corporates,Bangalore,080 2672 0884,Programming,98,"Nichi-In Software is an IT services company specializing in software development, AI/ML, IoT, and digital transformation, demonstrating a profound technical focus."
http://www.greenbots.in/,Corporates,Bangalore,082170 90734,Programming,100,"Greenbots is a custom software development company specializing in web, mobile, and cloud solutions, with a strong emphasis on various programming languages and technologies, making programming skills central to their core business and service delivery."
http://www.superiorcodelabs.com/,Corporates,Bangalore,096112 01204,Programming,100,"Superior Codelabs is an IT services and technology consulting firm specializing in mobile app and website development, explicitly mentioning programming languages and frameworks, and hiring for developer roles."
http://www.iosyssoftware.com/,Corporates,Bangalore,080 4094 9544,Sales,92,"As a technology service provider, iOSYS explicitly seeks sales professionals to drive revenue growth and client acquisition for its digital and AI/ML solutions, indicating a strong need for sales expertise to expand its business."
https://www.cognitiveclouds.app/,Corporates,Bangalore,,Programming,98,"CognitiveClouds is a custom software product development company with an explicit focus on engineering, design, and a wide array of programming languages and technologies as its core business."
https://excelfore.com/,Corporates,Bangalore,095133 00147,Programming,98,"Excelfore is a technology company deeply focused on engineering, developing complex software and connectivity solutions for software-defined vehicles, with a strong emphasis on patented technologies and a highly technical product offering."
http://mcrindia.in/,Corporates,Bangalore,099647 40243,Programming,95,"MCRT Software India Pvt Ltd is a software company with in-house developers specializing in Tally customization, integration, and web/mobile application development using scripting languages, indicating a strong tech focus."
http://isinfotech.in/,Corporates,Bangalore,099163 28110,Sales,90,"IS Infotech's core identity as a professional recruitment and staffing organization places it firmly within a sales-driven service industry, where client acquisition and relationship management are paramount for success."
https://fugenx.com/,Corporates,Bangalore,040 6791 8888,Programming,98,"FuGenX is a technology services provider specializing in mobile app, game, web development, AI, ML, and data science, indicating a core business deeply rooted in programming and technical expertise."
http://bitlasoft.com/,Corporates,Bangalore,080 4064 0707,Programming,95,"Bitla Software is explicitly a technology and solution provider, building SaaS, cloud, and mobile technology products for the bus industry, indicating a strong internal need for programming expertise."
https://www.campionsoftware.com/,Corporates,Bangalore,,Programming,98,"Campion Software is a global tech solutions company specializing in custom software development, digital transformation, and AI services, with a strong emphasis on programming languages and technologies."
https://www.zyplesoft.com/,Corporates,Bangalore,072998 80500,Programming,95,"Zyple Software Solutions is an IT company specializing in developing, implementing, and supporting ERP, mobile, and web-based software solutions, indicating a strong technical and programming focus."
https://digitalcorsel.com/,Corporates,Bangalore,080199 97777,Sales,95,"Digital Corsel is a digital marketing agency whose services are explicitly designed to generate leads, increase sales, and boost revenue for their clients, indicating a strong sales-driven focus."
https://www.illucus.com/,Corporates,Bangalore,063647 28007,Sales,95,"Illucus is a creative marketing agency whose core services, blog content, and client success stories are explicitly centered on lead generation, brand promotion, and scaling sales for their clients."
https://monaqo.in/,Corporates,Bangalore,079965 85956,Sales,98,"Monaqo is a growth marketing agency whose core mission is to drive lead generation, pipeline acceleration, and revenue outcomes for its B2B, app, and e-commerce clients, making it a highly sales-driven corporate entity."
https://sanjayshenoy.com/,Corporates,Bangalore,074117 41603,Sales,95,"Sanjay Shenoy's website is entirely dedicated to SEO and content marketing training, which are core digital marketing strategies aimed at generating leads, increasing visibility, and driving business growth, directly supporting sales functions for corporates."
https://www.inbounderz.com/,Corporates,Bangalore,081470 02753,Sales,95,"Inbounderz is a digital marketing agency whose core mission and services are entirely focused on helping clients attract customers, generate leads, boost sales, and improve conversion rates, making it a sales-driven industry."
https://www.hirolainfotech.com/,Corporates,Bangalore,099161 13646,Programming,0,"The provided website content was inaccessible, preventing an informed recommendation based on the institution's focus."
https://innovkraft.com/,Corporates,Bangalore,083104 53193,Sales,95,"Innovkraft is a digital marketing agency whose core mission is to drive client growth, generate leads, and increase sales through strategic marketing, making sales skills essential for both their own business development and delivering client ROI."
https://rdsdigital.in/,Corporates,Bangalore,063637 38608,Sales,98,"RDS Digital is a holistic digital marketing agency explicitly focused on driving business growth, lead generation, and client success for its customers, which is inherently a sales-driven industry."
https://creatorfox.com/,Corporates,Bangalore,077605 25535,Sales,98,"CreatorFox is a digital marketing agency explicitly focused on brand promotion, lead generation, conversions, and increasing client sales through various online strategies."
http://www.digitalimac.com/,Corporates,Bangalore,099013 06103,Sales,95,"Digital iMac is a digital marketing and lead generation company whose core mission is to drive leads, sales, and revenue for its clients, making it a sales-driven organization."
https://betadigitalmarketing.com/,Corporates,Bangalore,095139 99901,Sales,95,"Beta Digital Marketing is a results-driven agency focused on helping businesses grow, generate leads, and improve ROI for their clients through various digital marketing strategies, making it a sales-driven industry."
https://www.brightads.in/,Corporates,Bangalore,088840 05400,Sales,95,"Bright Ads is a digital marketing agency whose core services, including lead generation, paid campaigns, and promotion, are directly aimed at driving sales and business growth for its clients, making it a sales-driven industry."
https://www.akoi.in/,Corporates,Bangalore,,Sales,95,"AKOI is a digital and e-commerce marketing agency whose core mission is to drive client revenue, growth, and ROI, making it fundamentally a sales-driven organization."
https://www.digitalindiaadd.com/,Corporates,Bangalore,063608 07351,Sales,95,"Digitalindiaadd is a digital marketing agency whose core business is to help clients generate leads, optimize conversions, and increase sales and revenue, making a Sales course directly aligned with their primary objectives."
https://www.digimarkagency.com/?utm_source=GMB&utm_medium=Organic&utm_campaign=Main,Corporates,Bangalore,088843 30607,Sales,95,"DigiMark Agency is a digital marketing firm explicitly focused on driving leads, conversions, and business growth for its clients, which are core objectives of a sales-driven organization."
http://caesarai.com/,Corporates,Bangalore,080166 06661,Sales,98,"The company's core business is explicitly described as 'Sales Driven Influencer Marketing,' indicating a strong focus on sales strategies and execution."
https://www.welixdigital.com/,Corporates,Bangalore,070901 70524,Sales,98,"Welix Digital is a digital marketing agency whose explicit mission is to turn businesses into 'sales-generating machines' by focusing on conversions, leads, and boosting sales for their clients."
http://www.mathewdigital.com/,Corporates,Bangalore,090198 88640,Sales,98,"Mathew Digital is a digital marketing agency whose entire mission is to create 'online sales generating machines' and drive 'ROI-Driven Performance Marketing' for their clients, directly aligning with sales objectives."
https://www.digion.in/,Corporates,Bangalore,096206 52556,Sales,95,"DigiOn Solutions is a digital marketing and AI automation agency whose core services and value proposition are centered on lead generation, B2B marketing, and driving sales outcomes for their clients, making them a sales-driven company."
https://www.yatharthmarketing.com/sales-training-in-bangalore.html,Corporates,Bangalore,090997 99898,Sales,100,"The institution's website is exclusively dedicated to sales training, sales consulting, and improving sales performance for corporate clients across numerous industries, with no mention of programming or technical development."
https://www.marketstar.com/?utm_source=gmb&utm_medium=organic&utm_campaign=gmb-listing-blr,Corporates,Bangalore,080 4944 5000,Sales,100,"MarketStar is explicitly a global leader in B2B sales outsourcing and 'Sales as a Service®', with its entire website content and solutions focused on driving revenue through sales, marketing, and customer success strategies."
http://www.marconix.in/,Corporates,Bangalore,093413 72105,Sales,100,"Marconix is a premier sales outsourcing company whose entire business model and services are dedicated to enhancing sales, marketing, and revenue generation for its clients across various industries."
http://www.watermarkexperience.com/,Corporates,Bangalore,099806 33727,Programming,92,"Watermark Experience explicitly embraces technology and their 'WM Digital' service focuses on building and executing AI-powered solutions, including AR/VR and chatbots, indicating a strong need for programming skills to develop these offerings."
http://b2bsalesarrow.com/,Corporates,Bangalore,070205 58545,Sales,98,"B2B Sales Arrow is a marketing technology company whose core services, mission, and case studies are overwhelmingly focused on B2B sales, lead generation, and market development for its clients."
https://www.zamstars.com/,Corporates,Bangalore,097414 71391,Sales,95,"Zamstars is a creative solutions company that explicitly offers 'Sales Enablement' services, and their CEO defines effectiveness by 'converting leads to new business through a predictable model,' highlighting a core focus on sales outcomes for their clients."
http://brandelite.in/,Corporates,Bangalore,086607 38354,Sales,95,"Brand Elite is a digital marketing and web development agency focused on delivering ROI-centric solutions, lead generation, and business growth for clients, explicitly listing 'Sales Executive & Manager' as a career opportunity."
https://www.webenza.com/,Corporates,Bangalore,080 2521 0083,Sales,95,"Webenza is a digital marketing agency that explicitly states its core mission is to act as brand managers and marketers, focusing on selling benefits and telling stories to consumers, which is fundamentally a sales-driven approach."
https://thistle.media/,Corporates,Bangalore,090032 44336,Sales,95,"Thistle Media is a digital marketing agency whose core business revolves around driving sales, leads, and conversions for their clients through various marketing strategies and performance-based campaigns."
https://mathewdigital.com/,Corporates,Bangalore,090198 88640,Sales,98,"Mathew Digital is a digital marketing agency explicitly focused on 'ROI-Driven Performance Marketing' and 'creating a bulletproof online sales generating machine' to 'skyrocket business growth' for its clients, making it a sales-driven company."
http://www.r2mi.in/,Corporates,Bangalore,,Sales,0,"No website content was retrieved, making it impossible to assess the institution's focus and provide a confident recommendation for either course."
http://innogenx.in/,Corporates,Bangalore,099019 72889,Sales,92,Innogenx explicitly brands itself as a 'Digital Marketing Company' and offers core services like 'Lead Generation' and 'branding' that are directly aimed at driving sales and client success in a sales-driven industry.
https://haaps.in/,Corporates,Bangalore,096201 75156,Sales,95,"HAAPS is a digital marketing agency explicitly focused on helping clients improve leads, conversions, and sales through services like SEO, PPC, and social media marketing, making it a sales-driven industry."
http://akjainindia.com/,Corporates,Bangalore,094143 38312,Sales,98,"The company's name, 'A K Jain Sales & Marketing Limited,' its core business of distributing FMCG, electronics, and polymer products, and the presence of multiple 'General Manager Sales & Marketing' roles strongly indicate a sales-driven organization."
https://mathewdigital.com/,Corporates,Bangalore,090198 88640,Sales,98,"Mathew Digital is a direct-response digital marketing agency explicitly focused on ROI-driven performance marketing, generating leads, conversions, and online sales for its clients across various industries."
https://www.percoyo.com/,Corporates,Bangalore,076767 22000,Sales,95,"Percoyo is a digital marketing agency whose core mission and services are focused on driving client business growth, leads, conversions, and ROI, explicitly labeling their contact number as 'Sales'."
http://www.beyondweb.ind.in/,Corporates,Bangalore,077607 85086,Programming,98,"Beyondweb is a software development and digital marketing agency with a strong focus on building web, mobile, and IoT applications, evidenced by their extensive list of programming technologies, developer roles, and 'CODE LINES THIS MONTH' metric."
https://www.dishahconsultants.com/sales-training-in-bangalore,Corporates,Bangalore,098846 23854,Sales,100,"Dishah Consultants explicitly specializes in sales and leadership development, offering a wide array of sales training programs to corporate clients, particularly those in sales-driven industries like FMCG."
https://quickzee.in/,Corporates,Bangalore,090668 05661,Sales,95,"Quickzee Media is a digital marketing company whose core purpose and services are explicitly focused on generating leads, increasing conversions, and boosting sales and ROI for their clients, making it a sales-driven industry."
https://digitalspider.in/,Corporates,Bangalore,078922 99043,Sales,98,"Digital Spider is a digital marketing agency primarily focused on lead generation, brand elevation, and driving business growth for clients, making it a sales-driven organization."
https://www.zinavo.com/,Corporates,Bangalore,080 3569 4395,Programming,98,"Zinavo is a web design and software development company with a strong focus on programming languages, web technologies, and IT solutions, making a Programming course directly relevant to their core business and employee skill development."
https://bangaloredigitalmarketing.com/,Corporates,Bangalore,080955 38194,Sales,95,"The institution is a digital marketing agency and training center, with all its services and courses explicitly focused on online promotion, lead generation, and conversion for businesses, which are core aspects of sales."
https://www.channelsoftech.com/,Corporates,Bangalore,098456 62183,Sales,92,"The company identifies as a leading digital marketing and branding service, offering explicit lead generation services and employing business development executives, indicating a strong focus on sales and client acquisition for both themselves and their clients."
http://www.nexovate.in/,Corporates,Bangalore,070224 48811,Programming,10,"The website content consists solely of a default WordPress installation with no specific business or industry information, offering only technical details about the platform itself."
https://www.bigcity.in/,Corporates,Bangalore,080 4055 4800,Sales,95,"BigCity is a promotech company specializing in loyalty and incentive programs explicitly designed to drive sales, engagement, and ROI for their clients, making enhanced sales capabilities crucial for their core business and client-facing teams."
https://www.digiexpand.com/,Corporates,Bangalore,078292 97565,Sales,98,"Digiexpand.com is a digital marketing and web solutions agency dedicated to helping clients achieve business growth and results through marketing strategies, which is inherently a sales-driven function."
https://skyaltum.com/,Corporates,Bangalore,084314 97165,Sales,95,"Skyaltum is primarily a digital marketing company whose services are explicitly focused on generating leads, increasing conversions, and boosting sales for their clients, and their digital marketing course targets sales professionals."
https://betadigitalmarketing.com/,Corporates,Bangalore,095139 99901,Sales,95,"Beta Digital Marketing is a results-driven agency focused on helping businesses grow, generate leads, and achieve measurable ROI for their clients, making sales expertise central to their mission and service delivery."
http://www.digiinfiniti.com/,Corporates,Bangalore,098864 54545,Sales,98,"Digi Infiniti is a digital marketing agency explicitly focused on driving business growth, lead generation, and conversions for its clients, and features multiple internal sales roles."
https://www.best-digital-marketer.com/,Corporates,Bangalore,089042 92528,Sales,98,"The institution is a digital marketing agency whose core services and stated goals are entirely focused on generating leads, driving conversions, and boosting sales for their clients."
http://www.sparklesnetwork.com/,Corporates,Bangalore,096639 84711,Sales,95,"Sparkles Network is an advertising and marketing agency focused on helping clients drive engagement and achieve greater return on investment, explicitly offering 'Sales Force' and 'sales force outsourcing' services."
http://www.revvlocity.com/,Corporates,Bangalore,,Sales,98,"Revvlocity is a B2B sales acceleration company whose core business, solutions, and job descriptions are entirely focused on lead generation, appointment setting, and improving sales efficiency for their clients."
https://mobilise.agency/,Corporates,Bangalore,073497 49404,Sales,95,"Mobilise.agency is a B2B growth marketing and sales enablement agency, with services, leadership roles, and job descriptions heavily focused on driving revenue, client relationships, and sales outcomes for their clients."
https://www.furecs.com/,Corporates,Bangalore,077605 56363,Sales,95,"Future Revolution is a digital marketing and business consulting agency whose core services, including web development, are explicitly aimed at driving leads, conversions, and business growth for their clients, making them a sales-driven organization."
https://webzplot.com/,Corporates,Bangalore,099723 18316,Programming,92,"WebzPlot is a digital agency with a strong tech focus, specializing in web, e-commerce, and app development, building robust digital infrastructures, and leveraging AI and automation for their clients."
http://www.dsce.edu.in/,Schools,Bangalore,080 4216 1751,Programming,98,"Dayananda Sagar College of Engineering is a technical institution offering a vast array of undergraduate and postgraduate engineering and computer science programs, with a strong focus on technical education, research, and innovation."
https://drait.edu.in/,Schools,Bangalore,,Programming,98,"Dr. Ambedkar Institute of Technology is an engineering college with a predominant focus on various technical and computer science programs, including a 'Smart India Hackathon' and 'Quantum Computing' seminars."
http://www.jssateb.ac.in/,Schools,Bangalore,080 2861 2565,Programming,95,"JSS Academy of Technical Education is an engineering college with a strong focus on various technical disciplines like Computer Science, Information Science, Robotics, and Electronics, supported by numerous engineering programs, research centers, and tech-oriented professional bodies."
http://www.atria.edu/,Schools,Bangalore,080 2363 1298,Programming,98,"Atria Institute of Technology is a premier technological institution with a strong focus on engineering and computer science departments, including AI, Data Science, and Robotics, and is affiliated with AICTE and VTU."
https://www.mvjce.edu.in/,Schools,Bangalore,080 4299 1003,Programming,98,"MVJ College of Engineering is a prominent engineering institution with a strong focus on computer science, electrical sciences, robotics, and virtual instrumentation, offering numerous technical undergraduate, postgraduate, and Ph.D. programs."
http://www.acsce.edu.in/,Schools,Bangalore,080 2974 8222,Programming,98,"ACS College of Engineering is a highly technical institution offering numerous engineering and computer science programs, with a clear mission focused on technical education and placements in tech-driven companies."
http://www.bce.org.in/,Schools,Bangalore,092435 05666,Programming,98,"Bahubali College of Engineering is an engineering institution offering multiple technical degrees, including Computer Science, Information Science, and Artificial Intelligence and Machine Learning, indicating a strong focus on programming and technology."
https://www.gopalancolleges.com/gcem/,Schools,Bangalore,080 4222 9748,Programming,100,"Gopalan College of Engineering and Management is explicitly an engineering institution with a strong focus on technology, offering numerous programming-intensive courses like Computer Science, AI/ML, Data Science, and Electronics, and placing students in prominent tech companies."
http://www.rrit.ac.in/,Schools,Bangalore,088800 01111,Programming,98,"R.R. Institute of Technology is an engineering college with a strong emphasis on computer science, artificial intelligence, machine learning, and various other technical and engineering disciplines, making programming highly relevant."
http://www.brindavancollege.com/,Schools,Bangalore,096064 87201,Programming,95,"The institution prominently features 'Brindavan College of Engineering' and lists Engineering as a key professional program, indicating a strong technical focus."
http://www.apsce.ac.in/,Schools,Bangalore,080 2843 2108,Programming,95,"APS College of Engineering is an engineering institution with a strong focus on Computer Science, Information Science, AI/ML, and Cyber Security, aligning perfectly with a Programming course recommendation."
http://www.sapthagiri.edu.in/,Schools,Bangalore,,Programming,100,"The institution is explicitly an 'Engineering College' with a strong focus on various engineering disciplines, technical education, and research, making Programming highly relevant."
https://www.alliance.edu.in/school/school-of-engineering-and-design,Schools,Bangalore,080 4619 9000,Programming,95,"Alliance University exhibits a strong focus on technology and engineering, evidenced by its Schools of Advanced Computing and Applied Engineering, numerous Centres of Excellence in areas like IoT, Robotics, and Cyber Security, and extensive corporate partnerships for IT and programming certifications."
https://vemanait.edu.in/,Schools,Bangalore,095354 44571,Programming,98,"Vemana Institute of Technology is an engineering college offering numerous technical programs and placing students predominantly in software development and engineering roles, indicating a strong tech focus."
https://www.amrita.edu/campus/bengaluru,Schools,Bangalore,080 2518 3700,Programming,98,"Amrita Vishwa Vidyapeetham demonstrates an exceptionally strong and extensive focus on engineering, computer science, artificial intelligence, data science, and cybersecurity programs, supported by tech-focused leadership and research initiatives."
http://www.msec.ac.in/,Schools,Bangalore,093433 99909,Programming,98,"M. S. Engineering College is a technical institution offering numerous engineering programs with a strong emphasis on computer science, AI, machine learning, and other programming-intensive fields."
https://www.fcg.org.in/,Schools,Bangalore,093427 06070,Programming,95,The institution's website prominently features 'Top engineering college in bangalore' and extensively lists and details admissions for various engineering colleges and their programming-intensive courses like Computer Science and Electronics.
http://www.knsit.com/,Schools,Bangalore,099000 33935,Programming,98,"KNS Institute of Technology is an engineering college with a strong focus on Computer Science, Data Science, AI, and Electronics, as evidenced by its programs, vision, and placement records for software engineers."
http://www.acetedu.net/,Schools,Bangalore,070900 01946,Programming,98,"Aditya College of Engineering and Technology is an engineering college with a predominant focus on Computer Science, Artificial Intelligence, Data Science, and Electronics & Communication Engineering programs, indicating a strong need for programming skills."
https://www.iimb.ac.in/,Schools,Bangalore,080 2699 3000,Sales,95,"IIM Bangalore is a leading graduate school of management focused on developing business leaders and entrepreneurs, making sales skills highly relevant across its diverse management programs and corporate engagements."
https://jagsom.edu.in/?utm_source=Google&utm_medium=organic&utm_campaign=gmb,Schools,Bangalore,081479 73132,Sales,95,"JAGSoM is a dedicated business school offering various management programs including Marketing, Finance, and Business Analytics, making a Sales course highly relevant for its graduates entering business-driven roles."
http://sibmbengaluru.edu.in/,Schools,Bangalore,080671 39573,Sales,95,"SIBM Bengaluru is a business management institute focused on developing corporate leaders, with its MBA program explicitly covering Sales Management and placing students in sales-related roles."
http://www.xime.org/,Schools,Bangalore,080 2852 8477,Sales,98,"Xavier Institute of Management and Entrepreneurship (XIME) is a business school with a strong focus on management, entrepreneurship, and developing leaders for business roles, making a Sales course highly relevant for its curriculum and student outcomes."
http://www.sjim.edu.in/?utm_source=GMBListing&utm_medium=organic,Schools,Bangalore,080 2559 7781,Sales,98,"St. Joseph's Institute of Management is explicitly a business school offering MBA and PGDM programs with a strong emphasis on management, marketing, and includes a specific 'Sales and Distribution' elective."
http://www.isme.in/,Schools,Bangalore,088806 12345,Sales,95,"ISME is explicitly and repeatedly identified as a 'Business School' offering various management and business programs, and its Management Development Programs include a direct focus on 'sales and service'."
https://www.acharya.ac.in/,Schools,Bangalore,074066 44449,Programming,95,"The institution exhibits a strong tech focus through its Technology Business Incubator, numerous collaborations with leading tech companies like IBM, Microsoft, Siemens, and Capgemini, and a wide array of specialized programs in Computer Science, AI, Data Science, and Cybersecurity."
http://www.isbm.ac.in/,Schools,Delhi,077570 29571,Sales,95,"The ISB&M School of Media & Communication focuses heavily on communication, advertising, PR, and marketing strategies, which are all critical components of sales-driven industries and require strong persuasive and interpersonal skills."
https://www.hopkinscollege.com/,Schools,Bangalore,095910 69611,Sales,98,"St. Hopkins is explicitly a 'School of Business' offering numerous MBA specializations, with a strong focus on practical business education, entrepreneurship, and a detailed methodology on 'How We Teach Sales'."
https://www.tapmi.edu.in/,Schools,Bangalore,0820 270 1000,Sales,95,"TAPMI is explicitly a premier business school that launched a dedicated PGDM-Sales program in 2018, and its Director specializes in training sales leaders for numerous companies."
http://www.xlri.ac.in/,Schools,Delhi,0657 665 3333,Sales,95,"The institution's mission to 'Nurturing Responsible Leaders' strongly aligns with the objectives of a business school, making a Sales course highly relevant for its students."
https://www.nexgi.com/,Corporates,Delhi,,Programming,95,"NexGen Innovators is an IT services and digital transformation company with a strong focus on software development, web/mobile app creation, and numerous technical job openings, indicating a core need for programming expertise."
https://www.slnsoftwares.com/,Corporates,Delhi,093158 98126,Programming,98,"SLN Softwares is explicitly a 'Software Development and Website Design Company' with its core services, products, and technologies pages overwhelmingly focused on programming languages, frameworks, and software solutions."
https://www.n2nsystems.co.in/,Corporates,Delhi,095825 69545,Programming,98,"N2N Systems is primarily a software and web development company specializing in enterprise business solutions, mobile apps, and digital marketing technology, indicating a strong technical focus."
https://www.micromind.in/,Corporates,Delhi,098183 53030,Programming,95,"Micro Mind is primarily a software development company with a strong tech focus, evidenced by their extensive list of programming languages, frameworks, software development services, and explicit job postings for programmers."
https://bloatwareitsolutions.com/,Corporates,Delhi,089207 50797,Programming,98,"Bloatware IT Solutions is an IT software development company specializing in web, app, and custom software development, utilizing a broad range of programming languages and technologies."
https://w2gsolutions.in/,Corporates,Delhi,011 4556 2561,Programming,95,"W2G Solutions is an IT software development company whose core services and identity are deeply rooted in programming, web development, and custom software solutions."
http://www.gobusinessindia.com/,Corporates,Delhi,1800 258 7735,Programming,95,"Go Business India is fundamentally an IT company specializing in software, web, and mobile application development, with digital marketing services supporting these core technical offerings."
https://www.wtsnetindia.com/,Corporates,Delhi,085100 64006,Programming,98,"WTS Net India is a software development company specializing in web, Android, and Fintech solutions, with its core services and job roles overwhelmingly focused on programming and technical expertise."
https://mlmsoftwarecompany.in/,Corporates,Delhi,070373 95111,Programming,95,"The company is a software provider, explicitly stating its team of engineers and IT specialists, its mission for software development, and offering advanced technological solutions like cryptocurrency software and token listing services."
http://www.binarysoft.com/,Corporates,Delhi,099997 06000,Programming,98,"Binarysoft Technologies is a software house providing 360-degree technology solutions, specializing in customized software development, web development, and mobile app development, explicitly mentioning their workforce's 'programming skills'."
https://www.perfectiongeeks.com/,Corporates,Delhi,089209 47884,Programming,100,"PerfectionGeeks is a software development agency that specializes in building custom digital solutions, mobile apps, web apps, and blockchain applications, demonstrating a strong and exclusive tech focus."
https://www.bestwebs.in/,Corporates,Delhi,,Programming,95,"BestWebs is a digital solutions provider specializing in web development, mobile app development, CRM/ERP solutions, and AI/ML, all of which are programming-intensive fields, as evidenced by their services, products, and team expertise."
https://www.corewave.io/,Corporates,Delhi,098106 76072,Programming,98,"Corewave is a software and app development company with an explicit strong tech focus, offering extensive programming-intensive services including AI, ML, IoT, and custom software solutions."
https://bloatware.in/,Corporates,Delhi,089207 50797,Programming,98,"Bloatware IT Solutions Pvt Ltd is a software development company with a strong technical focus, offering services like application development, web development, and digital marketing, and employing various programming languages and technologies."
http://www.monettaindia.com/,Corporates,Delhi,098111 45789,Sales,92,"Monetta India explicitly identifies as 'Certified Sales & Service Partners for Tally' and their core business model is centered on selling, implementing, and supporting Tally software for businesses, indicating a sales-driven industry focus."
https://www.codeyiizen.com/,Corporates,Delhi,092669 13291,Programming,98,"Codeyiizen is a web and app development company whose core business revolves entirely around providing programming-intensive services, utilizing various technologies, and hiring developers."
http://www.4techbugs.com/,Corporates,Delhi,099997 98701,Programming,98,"4Techbugs is a software development and web design company offering extensive services and training in programming languages, web technologies, and app development, indicating a strong technical core."
http://www.mindscansoftware.com/,Corporates,Delhi,098101 13797,Programming,95,"Mindscan Software Solutions is primarily a software development, web development, and app development company with a strong tech focus, offering numerous programming-centric products and services."
https://softkwit.in/mlm-software.php,Corporates,Delhi,088829 25582,Programming,92,"SOFTKWIT is primarily a web and software development company, offering services like web design, web development, web application development, and various software solutions (MLM, ERP, E-commerce), indicating a strong tech focus."
https://www.rssindia.com/,Corporates,Delhi,099531 34732,Programming,98,"RSS Infotech is primarily a software development company specializing in web, app, and custom software solutions, with extensive mentions of programming languages and technical services."
https://fusionsofttechnologies.com/,Corporates,Delhi,098703 73230,Programming,98,"FusionSoft Technologies is a full IT service agency specializing in website and application development, custom software, and digital solutions, demonstrating a strong core focus on programming and technical skills."
https://minditsystems.com/,Corporates,Delhi,092058 56556,Programming,98,"Mind IT Systems is a software development and IT consulting firm, with its core services, technologies, and leadership heavily focused on programming, engineering, and technical solutions for various industries."
https://www.almondz.com/software-development.php,Corporates,Delhi,088824 72824,Sales,95,"Almondz's core business revolves around financial services, investment banking, wealth management, and advisory, and all current job openings listed are explicitly for sales and relationship management roles."
https://www.emvsoftwares.com/,Corporates,Delhi,092123 45320,Programming,98,"EMV Softwares Pvt. Ltd. is a software development company with a strong tech focus, specializing in customized software, mobile applications, web development, and various software products like ERP and CRM, utilizing multiple programming technologies."
http://nanoarchsoftware.com/,Corporates,Delhi,070489 22909,Programming,95,"Nanoarch Software Solutions is an IT company specializing in software development, mobile applications, and web development, with job postings explicitly requiring knowledge of various programming languages."
https://easysolutions360.com/,Corporates,Delhi,083688 79567,Programming,98,"Easy Solutions 360 is a digital solutions provider specializing in web and mobile app development, utilizing a wide array of programming languages and technologies, indicating a strong tech focus."
https://www.zeenik.com/,Corporates,Delhi,095406 65505,Sales,75,"Zeenik's extensive digital marketing and branding services, which explicitly aim for lead generation, conversion boosts, and driving real business growth for their clients, highlight a strong sales-driven aspect of their operations."
https://www.anushtech.com/,Corporates,Delhi,085868 74338,Programming,95,"Anush Technology is a technology solutions provider specializing in web development, ERP, CRM, and various software solutions, indicating a core business heavily reliant on programming and software engineering expertise."
http://axissoftwaresolutions.com/,Corporates,Delhi,078386 26861,Programming,98,"Axis Software Solutions is a company with a strong tech focus, specializing in web software development, custom software solutions, e-commerce platforms, and a team primarily composed of developers and designers."
http://www.knowyourtally.com/,Corporates,Delhi,098704 34111,Programming,95,"The company explicitly identifies as TDL (Tally Definition Language) developers, offering tailored software solutions and add-ons for Tally, which demonstrates a strong technical and programming focus."
https://www.pstechglobal.com/,Corporates,Delhi,070179 40576,Sales,95,"The company's core mission and value proposition are centered on converting visitors into customers, driving revenue growth, and increasing qualified leads for their clients, making sales a critical skill for their business and their clients' success."
https://www.nethues.com/,Corporates,Delhi,011 4756 7701,Programming,98,"Nethues Technologies is a software development company that specializes in building, maintaining, and modernizing tech solutions across various programming languages and emerging technologies like AI and Blockchain."
https://www.flamingoinfotech.com/,Corporates,Delhi,099998 66662,Sales,95,"Flamingo Infotech is a digital marketing agency explicitly focused on generating leads, sales, and ROI for its clients, making it a sales-driven corporate entity."
https://www.schooleye.in/,Corporates,Delhi,083739 18351,Programming,95,"V3M Technology is a software development company that creates and maintains a comprehensive ERP system (SchoolEye), indicating a strong tech focus and a continuous need for programming skills to build, customize, and enhance their core product."
https://ost.agency/,Corporates,Delhi,(330) 775-2493,Programming,98,"OpenSource Technologies is a software development agency specializing in AI, API, custom app/web development, and DevOps, demonstrating a strong and pervasive tech focus."
https://codewebcreation.com/,Corporates,Delhi,097115 95348,Programming,95,"Code Web Creation is an IT solutions company with a strong tech focus, offering extensive services in web, software, and app development, and listing a wide array of programming languages and technologies."
https://bitbytecreations.com/,Corporates,Delhi,070423 45756,Programming,98,"Bitbyte Creations is an IT service provider specializing in the design, development, and deployment of various mobile and web applications, indicating a strong technology focus."
http://www.lodhitech.com/,Corporates,Delhi,072758 83149,Programming,98,"Lodhitech is a software development company specializing in web, mobile, and custom software solutions, demonstrating a strong and explicit tech focus that directly benefits from enhanced programming skills."
https://mlmzone.live/,Corporates,Delhi,,Programming,95,"MLMZONE.LIVE is a software development company specializing in Multi-Level Marketing software, indicating a strong technical and programming focus for their core business."
https://handleey.com/,Corporates,Delhi,,Programming,95,"Handleey is a digital transformation and IT solutions company with a strong focus on software development, AI, and cloud technologies, indicating a clear need for programming skills."
http://www.sanicondigital.com/,Corporates,Delhi,097170 98200,Sales,95,"Sanicon Digital Solutions, while offering programming services like app and web development, heavily emphasizes digital marketing, lead generation, and online presence through a wide array of marketing services and an entire blog dedicated to these sales-driving topics."
https://horosoft.net/,Corporates,Delhi,011 4707 8182,Programming,95,"The company's core business is the development and maintenance of astrology software, explicitly mentioning 'software developer,' 'computer technology,' and 'adapting to changing technologies,' indicating a strong technological focus and a continuous need for programming expertise."
http://effectivesoftware.in/,Corporates,Delhi,097117 97799,Programming,95,"Effective Software Solutions is fundamentally a software development and IT solutions company, with its core business focused on creating and delivering various software products and technical services like website development."
https://reptileitservice.com/,Corporates,Delhi,093115 72747,Programming,100,"Reptile IT Service is a technology company specializing in web and mobile app development, IT solutions, and digital marketing, with a core focus on coding, software, and technical expertise."
https://radiancesolution.com/,Corporates,Delhi,095825 15141,Programming,98,"Radiance Solution is explicitly a 'Tech Consulting Company' and 'technology experts' whose core services revolve around digital transformation, custom software development, cloud, and DevOps, indicating a strong tech focus."
http://www.mlmzone.live/,Corporates,Delhi,092108 10431,Programming,95,"The company is a software development firm specializing in complex MLM software, indicating a strong technical core and a clear need for programming expertise to build and maintain their products."
https://visionsolution.in/,Corporates,Delhi,099102 01429,Sales,95,"Vision Solution is a pioneer in marketing and supporting software for sales-driven insurance and investment industries, explicitly aiming to help their clients 'grow their business' through their products."
https://reptileitservice.com/,Corporates,Delhi,093115 72747,Programming,98,"Reptile IT Service is a software company specializing in mobile app and web development, with its core business revolving around coding, IT solutions, and leveraging various programming languages and frameworks."
https://www.nextbigbox.in/,Corporates,Delhi,096979 59896,Sales,95,"Nextbigbox is an IT and digital marketing agency whose core mission is to increase leads and sales for its clients, explicitly offering 'Sales CRM Software' and hiring for 'IT Sales' roles, indicating a strong sales-driven focus."
https://webquickindia.com/,Corporates,Delhi,092056 58119,Sales,95,"The company's core mission is to drive growth, leads, and sales for businesses through digital marketing and web development, making a Sales course highly relevant for their team to enhance client acquisition and campaign effectiveness."
https://www.mahiradigital.com/,Corporates,Delhi,099539 62966,Sales,95,"Mahira Digital is a digital marketing agency whose core business revolves around driving client leads, sales, and online presence, further evidenced by their explicit hiring for 'Business Developer' roles."
https://highonrank.com/,Corporates,Delhi,096540 78140,Sales,98,"HighOnRank is a digital marketing and e-commerce services company whose core mission is to help businesses increase sales, generate leads, and boost online presence for their clients, making it a highly sales-driven organization."
https://lotussocialworld.com/,Corporates,Delhi,070275 89820,Sales,95,"Lotus Social World is a digital marketing agency focused on driving business growth, engagement, and ROI for clients, and explicitly lists 'Sales' as one of its core services, indicating a strong sales-driven industry focus."
https://digitalfy.in/,Corporates,Delhi,084485 33219,Sales,95,"Digitalfy is a digital marketing agency whose core mission is to help clients boost business growth, generate leads, drive conversions, and increase sales, making a Sales course highly relevant to their operations and client objectives."
https://www.adlaxy.in/,Corporates,Delhi,099999 36253,Sales,95,"Adlaxy is a full-stack marketing and creative agency focused on driving brand growth and customer engagement for its clients, making sales-related skills crucial for all roles to understand client objectives and deliver impactful results."
https://growdigitalsolution.com/,Corporates,Delhi,085959 11033,Sales,95,"GrowDigitalSolution is a digital marketing agency specializing in strategies that drive client growth, online visibility, and conversions, which are core objectives of a sales-driven industry."
https://digilinkers.com/,Corporates,Delhi,098180 00334,Sales,95,"Digilinkers is a digital marketing agency whose primary goal is to help clients drive traffic, generate leads, and increase sales and ROI, making it a company operating in a sales-driven industry."
https://www.nationalmarketingprojects.com/,Corporates,Delhi,099099 20992,Sales,98,"National Marketing Projects Inc. is a digital marketing agency explicitly focused on helping clients increase traffic, generate leads, and boost sales and revenue through various online strategies."
https://digidzn.com/,Corporates,Delhi,092897 45760,Programming,10,"The website's reliance on JavaScript indicates a technical infrastructure, though the institution's core business focus is not discernible from the provided content."
http://www.fcrgroup.org.uk/,Corporates,Delhi,099717 66673,Programming,95,"FCR Group is an IT and digital services company specializing in web and mobile app development, with team members explicitly listed as Senior Software Engineers and Android/iOS Developers, indicating a strong technical core."
https://onlinejao.in/,Corporates,Delhi,098181 84828,Sales,98,"OnlineJao is a digital marketing agency focused on helping businesses generate leads, boost visibility, and maximize revenue, with a job posting explicitly detailing a commission-based client acquisition role."
http://www.digitalmarketingclue.com/,Corporates,Delhi,078358 00828,Sales,95,"DigitalMarketingClue's core mission and services are explicitly centered on increasing client sales, leads, and ROI through digital marketing, making a Sales course highly relevant for their corporate needs."
https://www.dynamisers.com/,Corporates,Delhi,098992 69989,Sales,90,"The company explicitly identifies as a 'Digital Marketing Agency' and consistently emphasizes generating leads, improving ROI, and converting visitors into customers for their clients, which are core sales objectives that all their services, including development, aim to achieve."
https://socioheads.com/,Corporates,Delhi,085958 40297,Sales,95,"Socioheads is a digital marketing agency focused on helping businesses elevate their brand, increase visibility, and drive growth, which are all core objectives of sales-driven industries."
https://skillsify.in/,Corporates,Delhi,077039 05638,Sales,95,"Skillsify is a digital marketing agency focused on driving client growth, leads, and increased sales, making a Sales course highly relevant to their core business objectives and value proposition."
https://mysolution360.com/,Corporates,Delhi,081309 28045,Sales,90,"MySolution360 is a digital marketing agency whose core mission is to drive client growth, leads, and sales through various online strategies, making it a company in a sales-driven industry."
https://www.reddashmedia.com/,Corporates,Delhi,098107 46506,Sales,95,"Red Dash Media is a digital marketing agency whose services are entirely focused on helping clients build brands, generate leads, and drive sales through various online channels, making a Sales course highly relevant for their business objectives and client outcomes."
https://360digitalidea.com/,Corporates,Delhi,083686 17065,Sales,95,"The company is a digital marketing agency with a strong emphasis on lead generation, performance marketing, and B2B sales, as evidenced by its services, founder's expertise, and career opportunities."
https://nexgenmarketing.in/?utm_source=gmb&utm_medium=cpc&utm_term=digital_marketing_serives&utm_campaign=services,Corporates,Delhi,076786 44182,Sales,95,"NexGen Marketing is a digital marketing agency whose core mission is to drive organic traffic, boost conversions, and generate leads and sales for their clients, making sales skills paramount for their business success."
https://digitalmarketingking.in/,Corporates,Delhi,096255 05071,Sales,95,"Digital Marketing King, as a 'Best Digital Marketing Agency,' primarily focuses on generating leads, traffic, and sales for its clients, making it a company operating in a sales-driven industry."
https://marketingagencyindiaa.com/,Corporates,Delhi,076785 41983,Sales,95,"The company is a marketing agency focused on digital strategies and SEO, which are core components of modern sales and business development."
https://marketixpro.com/,Corporates,Delhi,088105 32305,Sales,95,"Marketixpro is a digital marketing company whose core mission is to help clients generate revenue-oriented results, sales leads, and increase online sales, making it a sales-driven industry."
https://www.excelrange.com/,Corporates,Delhi,098703 76982,Sales,35,"Given the 'Media' designation, it's plausible the company will require strong sales capabilities for advertising, partnerships, or content distribution, which are critical for revenue generation, despite the limited information available."
https://onlinemarketingagency.in/,Corporates,Delhi,088605 53836,Sales,98,"The institution is an online marketing agency focused on providing services like social media marketing, strategy, and email marketing, which are all directly aimed at attracting customers and driving business growth, making it a sales-driven organization."
https://delhidigital.co/,Corporates,Delhi,092051 10208,Sales,95,"Delhi Digital Co, as a digital services provider, operates in a sales-driven industry where client acquisition, retention, and demonstrating ROI are paramount, making sales skills crucial for their own growth and their clients' success."
https://k2digitalmarketing.com/,Corporates,Delhi,088005 10419,Sales,95,"K2 Digital Marketing Agency's core business is to help clients attract, engage, and convert customers into sales and leads through various digital marketing services, making it a sales-driven industry."
https://www.thedigitalally.in/,Corporates,Delhi,098111 59952,Sales,95,"Digital Ally is a premier digital marketing agency whose core mission is to enhance online presence and magnify brand visibility for clients, directly aligning with sales and business development objectives, even though they utilize strong technical capabilities to achieve these goals."
https://digitalmarketingking.in/,Corporates,Delhi,099100 75663,Sales,98,"Digital Marketing King's primary focus is on digital marketing, lead generation, and boosting client sales and brand presence, with their development services supporting these sales-driven objectives."
http://www.digitalmarketingplayers.com/,Corporates,Delhi,082871 29388,Sales,95,"The company is a digital marketing agency whose primary objective is to help clients generate leads, drive sales, and achieve maximum conversion, making sales skills critical to their core business and client success."
http://adsfellow.com/,Corporates,Delhi,099107 68651,Sales,15,"The website content is generic and provides no specific business context, but the domain name 'adsfellow.com' vaguely suggests an advertising or marketing focus, which is more aligned with sales-driven industries."
https://treasurecreatives.com/,Corporates,Delhi,087007 16715,Sales,90,"The company's core mission is to help brands expand their business digitally and build customer loyalty through data-driven digital marketing strategies, directly aligning with sales-driven outcomes and client ROI."
https://valvmedia.com/,Corporates,Delhi,085956 24197,Sales,95,"Valv Media is a digital media agency focused on driving client visibility, engagement, and conversions through various marketing services, making sales skills crucial for their business development and client success."
https://www.webiance360.com/,Corporates,Delhi,082851 53687,Sales,98,"Webiance is a digital marketing agency explicitly focused on helping clients increase sales, generate leads, improve conversions, and boost revenue, making a Sales course highly relevant for their business objectives."
https://www.dishahconsultants.com/sales-training-in-delhi,Corporates,Delhi,098846 23854,Sales,100,"Dishah Consultants is a corporate training company explicitly specializing in sales and leadership development, with all services, client challenges, and testimonials overwhelmingly focused on improving sales performance for businesses in sales-driven industries."
https://singhmediagroup.com/,Corporates,Delhi,089209 89093,Sales,95,"Singh Media Group is a digital marketing agency focused on helping clients achieve online growth, attract customers, and improve business outcomes, making a Sales course highly relevant for their core operations and client success."
http://www.redrealm.co.in/,Corporates,Delhi,088002 29728,Sales,95,"Redrealm is a digital marketing agency explicitly focused on driving leads, sales, and revenue for its clients, and it actively hires Digital Sales Executives to sell its own services, indicating a strong sales-driven industry focus."
https://www.thesovereignindia.com/,Corporates,Delhi,093107 44694,Sales,95,"The Sovereign India is an Amazon Advertising Agency focused on PPC management and optimization, which are core functions in driving sales and conversions for clients in a sales-driven industry."
https://jsmdigitalmarketing.com/,Corporates,Delhi,095993 39559,Sales,95,"JSM Digital Marketing is a digital marketing agency whose core mission and services are explicitly focused on increasing sales, generating leads, and improving ROI for their B2B clients."
https://www.promoteabhi.com/,Corporates,Delhi,098994 84839,Sales,95,"The company is a digital marketing agency explicitly focused on generating leads, increasing sales, and driving business growth for its clients, making sales expertise crucial for both its own operations and client success."
https://digigrowtech.in/,Corporates,Delhi,070426 52270,Sales,95,"DigiGrowTech is a digital marketing agency whose primary goal is to drive leads, conversions, and sales for their clients, making a Sales course highly relevant to their core business and client outcomes."
https://www.amsdigital.in/,Corporates,Delhi,096675 40071,Sales,85,"AMSDigital is a digital marketing and media services company operating in a sales-driven industry, with a core focus on generating leads, brand awareness, and business growth for its clients, which directly benefits from enhanced sales strategies and understanding client sales needs."
http://www.marketingshadow.com/,Corporates,Delhi,084475 10572,Sales,98,"Marketing Shadow is a digital marketing agency explicitly focused on generating leads, increasing sales, and optimizing ads for profit for its clients, indicating a strong sales-driven business model."
https://inklik.com/,Corporates,Delhi,099118 40808,Sales,95,"Inklik is a digital marketing agency explicitly focused on 'getting customers, not just traffic,' 'generating sales,' and offering 'Lead Generation Company' services, making it a sales-driven industry."
https://www.batterseawebexpert.com/digital-marketing-agency-in-delhi/,Corporates,Delhi,097170 22804,Sales,95,"Battersea Web Expert is a digital marketing agency whose core mission is to help clients generate leads, boost conversions, and achieve business growth, making it a sales-driven industry."
https://conversions.co.in/,Corporates,Delhi,078275 54420,Sales,98,"Conversions is a performance marketing agency explicitly focused on driving business growth, increasing conversions, and generating sales for clients through various digital marketing strategies."
https://creationinfoways.com/,Corporates,Delhi,099100 02006,Sales,95,"Creation Infoways is a digital marketing agency specializing in lead generation, performance marketing, and driving conversions and sales for its clients, indicating a strong sales-driven industry focus."
https://www.hostdigitalmarketing.com/,Corporates,Delhi,088029 91128,Sales,95,"The company's core services and mission are entirely focused on digital marketing strategies that directly drive lead generation, sales, and revenue growth for their clients."
http://digitalmarketingagency.online/,Corporates,Delhi,093118 48850,Sales,98,"The company is a digital marketing agency whose core services, mission, and client results are entirely focused on attracting customers, generating leads, and driving conversions, which are fundamental aspects of sales."
https://www.highhorse.in/,Corporates,Delhi,082871 94831,Sales,95,"High Horse is a digital marketing agency whose core mission is to help MSME e-commerce brands launch, grow, and scale online by driving traffic, leads, and conversions, which are all direct sales-driven outcomes."
https://www.letsdigitalmarketing.com/,Corporates,Delhi,085100 04776,Sales,95,"The company's mission, services, and client testimonials consistently emphasize increasing sales, generating leads, and maximizing ROI for their clients, making sales expertise critical for their business growth and client success."
http://webeesocial.com/,Corporates,Delhi,,Sales,95,"WebeeSocial is a full-service creative digital marketing agency that explicitly focuses on performance marketing, generating ROAS, lead generation, and client servicing, indicating a strong sales-driven industry focus."
http://dtu.ac.in/,Schools,Delhi,011 2787 1018,Programming,95,"Delhi Technological University is primarily an engineering institution with numerous technology-focused departments and programs, indicating a strong tech focus."
http://www.bvcoend.ac.in/,Schools,Delhi,011 2527 8444,Programming,98,"Bharati Vidyapeeth's College of Engineering is an engineering institution with departments exclusively focused on computer science, IT, electronics, and electrical engineering, and its technical clubs and industry interactions are heavily geared towards programming and cutting-edge technologies."
http://nsut.ac.in/,Schools,Delhi,011 2500 0268,Programming,98,"NSUT is explicitly described as a 'seat of higher technical education' and 'one of the top engineering colleges in India,' with a strong focus on engineering, technology, and computer science, including AI-related faculty development programs."
https://adgips.ac.in/,Schools,Delhi,011 4990 5900,Sales,0,"The website content was inaccessible due to a bot verification page, preventing any analysis of the institution's focus and thus no specific recommendation can be made with confidence."
http://www.nitdelhi.ac.in/,Schools,Delhi,011 3386 1005,Programming,98,"The National Institute of Technology Delhi is a prominent engineering college with a strong focus on Computer Science, Electrical, and Electronics Engineering, as evidenced by its departments, academic programs, research areas, and NIRF ranking among engineering institutions."
https://www.mait.ac.in/,Schools,Delhi,084481 86942,Programming,0,"No content was retrieved from the provided web pages, making it impossible to assess the institution's specific focus and recommend a course with confidence."
http://nsut.ac.in/,Schools,Delhi,011 2500 0268,Programming,98,"Netaji Subhas University of Technology is explicitly defined as a seat of higher technical education, consistently ranked among top engineering colleges, with a strong focus on engineering and technology programs like CSE and AI."
http://www.msit.in/,Schools,Delhi,011 4503 7193,Programming,98,"Maharaja Surajmal Institute of Technology is an engineering college offering B.Tech degrees in Computer Science, IT, ECE, and EEE, with extensive technical labs, research, and placements in prominent tech companies."
http://gtbit.ac.in/,Schools,Delhi,011 4559 9900,Programming,98,"Guru Tegh Bahadur Institute of Technology is a technical engineering college with a strong focus on Computer Science, Information Technology, AI/ML, and Electronics, and its placement records predominantly feature students in programming and tech-related roles."
http://www.iitmjp.ac.in/,Schools,Delhi,011 2852 0894,Programming,95,"The institution's name, mission to produce 'Information Technology professionals and Software Engineers,' dedicated Department of Computer Science, BCA program, and hosting of an 'International Conference on Innovation in Research in Computer Science and Information Technology' clearly indicate a strong tech focus."
http://www.aiactr.ac.in/,Schools,Delhi,011 2121 0161,Programming,98,"The institution is an engineering college with a strong focus on Computer Science and Electronics, offering specialized B.Tech and M.Tech programs in areas like Big Data Analytics, AI/ML, IOT, Information Security, and Digital Communication."
http://www.iiitd.ac.in/,Schools,Delhi,011 2690 7400,Programming,100,"IIIT-Delhi is a research-led engineering institute with academic departments and programs exclusively focused on Computer Science, Electronics, and related technical fields, indicating a strong tech focus."
https://dseu.ac.in/ashok-vihar/,Schools,Delhi,011 2742 6263,Programming,92,"The Delhi Skill and Entrepreneurship University (DSEU) offers numerous engineering and technology programs, indicating a strong focus on technical skill development where programming is highly relevant."
http://www.jmi.ac.in/,Schools,Delhi,011 2698 5831,Programming,95,"Jamia Millia Islamia features a strong Faculty of Engineering and Technology with dedicated departments for Computer Engineering, Computer Science, Electrical Engineering, and Electronics & Communication Engineering, alongside a research center for Information Technology, indicating a significant tech focus."
http://iitm.net.in/,Schools,Delhi,011 2852 0890,Programming,95,"The institution offers B.Tech in Computer Science Engineering and BCA, explicitly aims to produce 'Information Technology professionals' and 'Software Engineers', and hosts tech-focused events like 'Tech Hackers' and 'InternNexus Code Blitz 1.0'."
http://gtb4cec.org/,Schools,Delhi,099110 00782,Programming,0,"No relevant content was available from the provided web pages to assess the institution's focus or needs, making a specific recommendation impossible."
http://www.bpitindia.ac.in/,Schools,Delhi,011 2757 2900,Programming,95,"The institution is primarily an engineering college offering multiple B.Tech programs (CSE, IT, ECE, EEE), and its Training & Placement cell explicitly lists extensive programming and technical skills as core training areas."
https://dseu.ac.in/pusa/index.html,Schools,Delhi,011 2584 7822,Programming,95,"The university offers numerous engineering and computer application degrees, including B.Tech, M.Tech, and BCA, indicating a strong institutional focus on technology and skill development relevant to programming."
https://www.itsengg.edu.in/,Schools,Delhi,1800 180 0840,Programming,95,"ITS Engineering College is primarily an engineering institution with a strong focus on Computer Science, AI/ML, and Data Science programs, indicating a high demand for technical and programming skills."
https://www.dpgitm.ac.in/,Schools,Delhi,092117 26982,Programming,98,"DPG Institute of Technology and Management is explicitly an engineering college with a strong focus on various B.Tech, M.Tech, and BCA programs in Computer Science, AI/ML, Data Science, and Electronics & Communication Engineering."
https://www.ksimt.ac.in/,Schools,Delhi,,Programming,95,"The institution offers a vast array of Engineering and IT programs, including numerous specializations in Computer Science, AI, Data Science, and Cybersecurity, indicating a strong tech and programming focus for its working professional audience."
http://kccitm.edu.in/,Schools,Delhi,092100 65555,Programming,95,"The institution offers an extensive range of B.Tech and M.Tech programs in Computer Science, Information Technology, Artificial Intelligence, Machine Learning, and various engineering fields, demonstrating a strong technological and engineering focus."
http://dseu.ac.in/,Schools,Delhi,011 2700 6129,Programming,90,"The university features dedicated Schools of Advanced Computing and Engineering, offering numerous B.Tech and B.Sc. programs in computer science, data science, and various engineering disciplines, indicating a strong focus on technical skills."
https://www.fimt-ggsipu.org/,Schools,Delhi,093123 52942,Programming,95,"The institution has a dedicated 'School of Engineering & Technology' offering Bachelor of Technology programs in Computer Science Engineering, Information Technology, Electronics & Communication Engineering, and Artificial Intelligence & Machine Learning, alongside a Bachelor of Computer Applications (BCA)."
http://www.iiae.in/,Schools,Delhi,098702 90575,Programming,98,"The Indian Institute of Aircraft Engineering is an engineering college specializing in Aircraft Maintenance Engineering, requiring a strong technical and analytical foundation in subjects like avionics and mechanical systems, which aligns with a programming-oriented curriculum."
https://swamivivekanandengg.in/,Schools,Delhi,099117 60382,Programming,98,"The institution's name, 'Swami Vivekanand Institute of Engineering & Technology,' along with its core offerings of B.Tech, M.Tech, Computer Application, and strong placement ties with tech giants like HCL, IBM, Microsoft, and Red Hat, clearly indicate a primary focus on engineering and technology."
https://dseu.ac.in/shakarpur-i/,Schools,Delhi,011 2202 3594,Programming,92,"The university features dedicated Schools of Engineering and Technology, indicating a strong focus on technical skill development for future-ready careers."
http://dducollegedu.ac.in/,Schools,Delhi,,Programming,95,"The college features strong departments in Computer Science and Electronics, active Robotics and Data Analytics clubs, and offers NIELIT and NPTEL courses, all indicating a significant focus on technology and programming."
http://www.dcfse.com/,Schools,Delhi,011 2834 4240,Programming,20,"The institution focuses on technical training for fire and safety systems, including 'Automatic Fire Alarm systems both Conventional Types & Addressable Type,' which are complex technical systems that often involve underlying programming or digital control, making it marginally closer to a technical domain than a sales-driven one."
https://www.iiagroup.co.in/?utm_source=GMB&utm_medium=local,Schools,Delhi,099715 69455,Programming,95,"The institution is an Aircraft Maintenance Engineering college with a strong focus on technical, mechanical, and avionics systems, indicating a clear engineering and technology-driven curriculum."
http://www.dife.in/,Schools,Delhi,011 3544 8819,Programming,95,"The Delhi Institute of Fire Engineering is a technical vocational school that heavily emphasizes the integration and application of advanced technologies like drones, IoT, and smart PPE in fire safety and industrial management, aligning with a strong tech focus."
https://www.niet.co.in/?utm_source=GMB&utm_medium=organic,Schools,Delhi,080105 00700,Programming,98,"NIET is predominantly an engineering and technology institute, offering a vast array of computer science and related B.Tech/M.Tech programs, supported by numerous innovation labs focused on modern programming and tech skills."
https://www.gniotgroup.edu.in/,Schools,Delhi,1800 274 6969,Programming,95,"The institution explicitly identifies as an 'Engineering College' with numerous Bachelor of Technology, Computer Science, and Master of Computer Application programs, demonstrating a strong tech and programming focus."
http://www.bsates.com/,Schools,Delhi,098105 09249,Programming,95,"The institution is explicitly an 'Engineering College' and 'Institute Of Technology' offering a vast array of programming, computer science, and technical engineering degrees and diplomas."
https://www.ncuindia.edu/,Schools,Delhi,0124 236 5811,Programming,95,"The NorthCap University exhibits an exceptionally strong focus on programming and technology through its extensive School of Engineering & Technology, numerous specialized CSE programs (AI/ML, Data Science, Cyber Security, Full Stack, Quantum Computing), dedicated high-tech labs, and faculty with deep expertise in cutting-edge computing fields."
https://dseu.ac.in/index.html,Schools,Delhi,011 2412 4837,Programming,95,"The Delhi Skill and Entrepreneurship University (DSEU) offers numerous engineering and computer science programs, including B.Tech in Computer Science & Engineering, BCA, and MCA, indicating a strong technical and programming focus."
http://arsdcollege.ac.in/,Schools,Delhi,011 2411 3436,Programming,90,"The college offers dedicated B.Sc. Computer Science and Electronics programs, supported by extensive research and collaborations in technology and engineering fields, indicating a strong tech focus."
https://npti.gov.in/,Schools,Delhi,011 2694 0722,Programming,95,"NPTI is a National Power Training Institute with a strong focus on engineering, advanced technology, data science, AI, and cyber security within the power sector, making programming skills highly relevant."
http://vdiet.org.in/,Schools,Delhi,098184 31322,Programming,98,"The institution is explicitly named 'Vardey Devi Institute of Engineering and Technology' and offers a wide array of engineering and information technology programs, indicating a strong technical focus."
http://www.mgvimt.com/,Schools,Delhi,,Programming,95,"The institution offers comprehensive Engineering and Computer Science programs with detailed curricula covering various programming languages and computer applications, strongly emphasizing technological advancement."
http://www.imi.edu/,Schools,Delhi,011 4719 4100,Sales,0,"No content was retrieved from the provided web pages, making it impossible to assess the institution's focus and recommend a course with confidence."
http://www.fms.edu/,Schools,Delhi,095011 13335,Sales,98,"The Faculty of Management Studies is explicitly a business school offering management programs designed to equip students for the corporate world, making sales skills highly relevant for its graduates."
https://www.fsm.ac.in/,Schools,Delhi,011 4124 2424,Sales,95,"The institution is a prominent 'B-School' and 'Management Institute' with a strong focus on developing business leaders, marketing, and international business, and places students into numerous sales-driven industries."
http://www.imt.edu/,Schools,Delhi,0120 408 3200,Sales,95,IMT Ghaziabad is a premier AACSB accredited management school that explicitly lists 'Sales' as a key business function for its alumni and 'Solution Sales' in its placement offer contributions.
http://www.mdi.ac.in/,Schools,Delhi,0124 456 0000,Sales,95,"MDI Gurgaon is consistently ranked as a top B-school in India, focusing on management education and producing leaders in various business functions, including sales, marketing, and consulting."
https://www.bimtech.ac.in/,Schools,Delhi,093550 24501,Sales,95,"BIMTECH is a highly accredited business school, explicitly referred to as a 'Management Institute' and 'B-school' with programs in Retail Management, International Business, and Executive Education, all of which benefit from strong sales skills."
https://www.ndimdelhi.org/,Schools,Delhi,011 4011 1000,Sales,95,"NDIM is a premier B-School with PGDM/MBA programs, specializations in Marketing and International Business, a dedicated 'Programme on Sales Training for Beginners,' and faculty expertise in sales, marketing, and business development, indicating a strong sales-driven focus."
http://www.dtu.ac.in/Web/Departments/DSM/about/,Schools,Delhi,011 2729 6203,Programming,98,"Delhi Technological University is an engineering college with a strong tech focus, offering numerous B.Tech, M.Tech, and Ph.D. programs across various engineering and technology departments like Computer Science & Engg., Information Technology, and Software Engineering."
https://www.soil.edu.in/,Schools,Delhi,092053 33417,Sales,95,"SOIL is clearly a management institute offering business-focused programs like PGPM and PGDM, with its advisory board and events heavily centered on leadership, industry, and career development, making a Sales course highly relevant."
https://empi.ac.in/,Schools,Delhi,088000 10971,Sales,95,"EMPI is explicitly a 'Business School' offering PGDM programs in Marketing, Advertising, and General Management, with a strong focus on industry placements and developing business-ready professionals, which aligns perfectly with the need for sales skills."
https://iilmlr.ac.in/,Schools,Delhi,,Sales,98,"The institution explicitly identifies as a 'Business School' with a strong focus on business management education, entrepreneurship, and preparing students for leadership and placement opportunities in the business world."
